text,label,prediction,confidence,correct,heuristic_category
మహర్షి మాడ గ అమ్మాయి లని తిడితే సపోర్ట్ చేసావు ఇపుడు నువ్వే అమ్మాయి లని తిడుతున్నావు మాడ గ 😁,1,0,0.9296239018440247,False,unclassified (needs manual review)
"మీ అమ్మ , అక్క లేరార తు మీ బతుకు చడ",1,0,0.629176139831543,False,unclassified (needs manual review)
తాగిన మైకం అంటారు ఇది చాలా చాలా పెద్ద తప్పు తాగిన వాడిని నిప్పుల్లో దూకమంటే దూకు తాడా నూతిలో దూక మంటే దూకు తాడ ఇటువంటి వేదవల్ని కండలు కండలుగా కోసి వాడికి చూపిస్తూ కాకులకు వెయ్యాలి తూ దరిద్రుడా,0,1,0.8037819862365723,False,unclassified (needs manual review)
రోజీ డాడీ తెలీదా నీకు ✋✋😐😐,0,1,0.5345774292945862,False,low-confidence/ambiguous
నిన్ను చూస్తుంటే నాకు మూడు వస్తుంది డార్లింగ్😘😘😘👄👄👄👄,1,0,0.9589990377426147,False,unclassified (needs manual review)
అవునా దెయ్యం 😡 కొన్ని దెయ్యాలు అంతే మనం అంటే ఇష్టం ఉన్న ఇష్టం లేనట్లు అబ్బాయిలను అమ్మాయిలు ఏడిపిస్తారు. అబ్బాయిలను ఏడిపించకండీ దెయ్యాలు 🙄,0,1,0.8037344813346863,False,unclassified (needs manual review)
హలో కుక్క జాగ్రత్త🤔🤷‍♀️🤔,0,1,0.7417919635772705,False,short/ambiguous
ఆంధ్రప్రదేశ్ కి శుభవార్త అనుకొన్న మా కర్మరా నాయన,1,0,0.9958999752998352,False,unclassified (needs manual review)
హాయ్ హాయ్ బుడ్డు నువ్వు సూపర్,1,0,0.995064914226532,False,unclassified (needs manual review)
ఏం పెట్టినవ్ అమ్మ నీకు ఇంత బుద్ధుందా ఇలాంటి వీడియో ఎప్పుడు చేయకు మళ్ళీ,1,0,0.7510626316070557,False,unclassified (needs manual review)
మాయా పాతపరక ఒకటి తీస్కుని wild card లో bb ki పోయి అందర్నీ సావగొట్టి bb title గెలుచుకోరాదు 😒,1,0,0.6287371516227722,False,code-mixed/script-mixed
మేడమ్ అది కొంచెం ముసేయ్ నాలాంటి వాడు చూడాలేడు తన్ని దేoగుతను మా ఊళ్ళో ఉంటె సిగ్గులెద ఆడ పిల్ల కదా నువ్వు Inty ముందు ముగ్గు ఉండాలి ఆడవాళకీ సిగ్గుఉండలి నీకు చూస్తె నాకోకటి అర్డమైంది,0,1,0.9934085607528687,False,code-mixed/script-mixed
డబ్బులు పంచి గెలిచిన వాడు వీడు దానికి నువ్వు గొప్పగా చెప్తున్నావ్ ఏమిర బాలరాజు ఏమి ర నీవల్ల దేశానికి ఉపయోగం ని ap ని అమ్మకానికి పెడుతున్నాడు కొంచెం చుసుకోరా బా.....kow,1,0,0.8339534997940063,False,code-mixed/script-mixed
ఎం పెరు దోరకనట్టు దాని పేరే దొరికిందా 🥺🥺🥺😒😒😒 నా బేబీ,1,0,0.9400201439857483,False,unclassified (needs manual review)
ఒరేయ్ మీ దుంపలు తెగ,1,0,0.6171238422393799,False,unclassified (needs manual review)
ఏంటే మరీ ఇంత బక్కగా వున్నావ్ 🤦🤦,0,1,0.627417266368866,False,unclassified (needs manual review)
సీఎం జగన్ గారిని అమ్మనా బూతులు తిట్టి త్వరగా చనిపోతావు,1,0,0.6593241095542908,False,unclassified (needs manual review)
ముందు కప్ గెలవమను మీరు మీరు ఎంత మొగోలో తెలుస్తుంది,0,1,0.6059461236000061,False,unclassified (needs manual review)
మన మన మెంటల్ మదిలో తక తక తుంటారి వలలో ఒకే అని పరుగెడదమ యలే లే లైలెలైలాల్ ఎలుకుందం ఈ లోకాన్ని 🙈🙈,0,1,0.9272304177284241,False,unclassified (needs manual review)
విజయ సేతుపతి పై క్రిమినల్ కేసు🙄🙄🙄🙄,1,0,0.9438567161560059,False,unclassified (needs manual review)
కూతురుతో కూడా ఎలాంటి పనులు చేస్తావు అందుకెర నికు కౌన్సిలింగ్🤔🤔🤔🤔,1,0,0.9322179555892944,False,unclassified (needs manual review)
వచ్చావా మాడ .🤣మహర్షి లాంజ్,1,0,0.9593206644058228,False,unclassified (needs manual review)
అబ్బా కిందా ఏమీ లేనట్టుంది,1,0,0.7819285988807678,False,unclassified (needs manual review)
దూల తీరింది అదే కావాలి,1,0,0.6024254560470581,False,unclassified (needs manual review)
ఓ దేవుడు రైతు మొడ్డ కుడిసి పోతాడు అలా పికితే కాయలు భూమి లొనే ఉంటాయి ఉత్త పొట్టు మాత్రమే వస్తది,0,1,0.743395209312439,False,unclassified (needs manual review)
రైతుకి రైతు బంద్ ఎలా కట్ చేశారో అలగే గంజాయి పంట పండించే వస్తువులు అమ్మే వారికి కూడా ఏదో ఒకటి కట్ చేయాలి అధ్యక్ష😼,1,0,0.9082534313201904,False,unclassified (needs manual review)
అబ్బాయిలని అమ్మాయిలు మోసం చేస్తారు కాబట్టే ఆ బాధ తట్టుకోలేక చనిపోతున్నారు.... అసలు అమ్మాయిలు అబ్బాయిలని మోసం చెయ్యకుండా ఉంటే అబ్బాయిలకి ఇటువంటి పరిస్థితే రాదు....🤦🏻‍♂️🤦🏻‍♂️🤦🏻‍♂️ దయచేసి మిమ్మల్ని నమ్మిన వారిని ఎప్పుడూ మోసం చేయకండి 🙏🏻🙏🏻🙏🏻🙏🏻 ( అమ్మాయి అయినా లేదా అబ్బాయి అయినా... ),1,0,0.9581180214881897,False,unclassified (needs manual review)
తుగ్లక్ గురించి చరిత్రలో విన్నాం కానీ ఇప్పుడు మాత్రం ప్రత్యేకంగా చూస్తున్నాం,1,0,0.7471335530281067,False,unclassified (needs manual review)
ఒక నైట్ కి నీకు ఎంత కావాలి పిల్ల,1,0,0.9323666095733643,False,unclassified (needs manual review)
ప్రభా గాడు దేడ్ దిమాక్ గాడు రా😆😆 వాడు కాదు మన టార్గెట్😀😀,0,1,0.9551280736923218,False,unclassified (needs manual review)
జాను సినిమా చూసాక యూనివర్సిటీ లో నా crush కి ప్రొపోజ్ చేసిన. 🙁. కాంఫిడెన్స్ గా లేకపోయినా.. జాను సినిమా ఇంపాక్ట్ తో 🙁. Chi nasty గా ఉంటది ఇప్పటికి ఆ ఇన్సిడెంట్ గుర్తుకు వస్తే 🙁🙁.,1,0,0.8301787376403809,False,code-mixed/script-mixed
మేడం చాలా బాగుంది చాలా చాలా బాగుంది భగవంతుడు మీకు ఎల్లవేళలా మనస్ఫూర్తిగా భగవంతుని కోరుకుంటున్నాను మేడం ఇంకా మీరు ముందుకు వెళ్లాలని భగవంతుని కోరుకుంటున్న మేడం భగవంతుడు మీకు ఇంకా శక్తిని వాలే ముందుకెళ్లాలి మంచి పేరు రావాలని భగవంతుని కోరుకుంటున్నాను మేడం మీకు ఎప్పటికీ ఆ దేవత లక్ష్మీ దేవి దుర్గామాత ఆశీస్సులు ఉంటాయి మేడం,1,0,0.9979477524757385,False,unclassified (needs manual review)
మీరు ముసుగుల్లేకుండా ఎలా ఉన్నారో తెలియదు కానీ ఆంటీ బ్యాక్ సైడ్ మాత్రం కత్తి లా ఉన్నావు,1,0,0.6637120246887207,False,unclassified (needs manual review)
నేను తుర్క లను నమ్మను,1,0,0.9660921692848206,False,unclassified (needs manual review)
నీ పోస్టు గొర్రెలు చూసి నవ్వు తాయో లేదో కానీ నాకు మాత్రం నీతో ఫ్రెండ్ షిప్ చేసి సరదాగా నీతో తిరగాలని ఉంది ప్రియా k,1,0,0.9422338604927063,False,code-mixed/script-mixed
ని నడుము బోడు సూపర్ పై రోడ్డు సానులు చోపిచు,1,0,0.9526988863945007,False,unclassified (needs manual review)
తెలిసిన వాడే గానే కొత్త కొత్త ఏడు గంగల లేడు,1,0,0.9178130030632019,False,unclassified (needs manual review)
ఏదయినా పని పాట చేసుకో ర జఫ్ఫానా బిడ్డా,1,0,0.9554541110992432,False,unclassified (needs manual review)
నువ్వు పోతే పందిల వ్యాన్ ఎక్కిస్తా😄😄😄😄😄😄,1,0,0.7757211923599243,False,unclassified (needs manual review)
బిగ్ బాస్ షో వల్ల ఎవరికి ఉపయోగం లేదు అది ఒక వెస్ట్ షో అనుకునే వాళ్ళు ఒక లైక్ కొట్టండి 👌👌👌😇😇😇,1,0,0.9299675822257996,False,unclassified (needs manual review)
ఉరి వేయాలి అనుకునేవాళ్లు లైక్ చేయండి 🤔🤔,1,0,0.9620873332023621,False,unclassified (needs manual review)
ఒక లైక్ కోసం మీ వళ్ళు మొత్తం చూపిస్తున్నారు,0,1,0.5562776923179626,False,low-confidence/ambiguous
సంజు గాడి చెల్లికి బ్రోకర్ సంజుగాడే,1,0,0.5472710132598877,False,low-confidence/ambiguous
ముదుకోవలసింది మూసుకోకుండ ఏంటి నీ వేషాలు,0,1,0.589944064617157,False,low-confidence/ambiguous
బొడ్డు కనిపిస్తోంది బాగుంది,0,1,0.8104862570762634,False,short/ambiguous
ని.పుకు.లోపల.నా.మడ,1,0,0.5251721143722534,False,short/ambiguous
"అంత పెద్దవాన్ని kaanu le బ, పేరు చాలు😁",0,1,0.5316774249076843,False,code-mixed/script-mixed
సూపర్ మేడమ్ మీ బొడ్డు బూబ్స్ అదుర్స్,0,1,0.8021628260612488,False,unclassified (needs manual review)
గంజాయి.. వాడిన వాళ్ళు ఇడ ఉంటే ఒక లైక్ వెయ్యండి🤧🤧🤧🤧,0,1,0.8669574856758118,False,unclassified (needs manual review)
అది ఆడది కాదు. (.5),1,0,0.7933873534202576,False,unclassified (needs manual review)
వీడు ఎక్కడున్నా చెప్పుతో కొట్టండి బొజ్జలో ఒక లైక్ కోసం కుక్కని తన్ని నాడు దేవుడు కూడా క్షమించడు వన్ నీకు ఎలా శిక్ష వేస్తాడో తెలీదురా చాలా అనుభవిస్తా,0,1,0.8870323300361633,False,unclassified (needs manual review)
గర్జించాలి అని ప్రతీ వీధి కుక్కకి ఉంటుంది కానీ సింహానికి వీధి కుక్క కీ ఉన్న తేడా రా నీకు కొడాలి నానీకి ఉన్నటువంటి తేడా కొడాలి నాని అంటే ఆంధ్ర ప్రదేశ్ ముద్దు బిడ్డ నీతి నిజాయితీ కీ మరొక రూపం కొడాలి నానీ గారు.,0,1,0.7384836077690125,False,unclassified (needs manual review)
అబ్బ బాగా లేస్తుంది నాది ఒక్క నైట్ పడుకో నాతో డబ్బులు ఇస్తా మొత్తం విప్పి నూనె పొసే నాకుతా,1,0,0.7694882750511169,False,unclassified (needs manual review)
కుక్క వాళ్ళ అబ్బాయిని గాయపరిచిన ది కాబట్టి చంపినాడు అయిన తప్పే మరి మనకి ఆవులు పాలు ఇస్తాయి వ్యవసాయము వచ్చేస్తాయి అయినా కానీ వాటిని వండుకొని తింటున్నాం ఇది తప్పు కాదా,0,1,0.6949026584625244,False,unclassified (needs manual review)
ఆగవే నువ్వాగవే పోయే ఊపిరే నువ్వాపవే చెరగని నీ నవ్వులనే అణువణువు నింపుకున్నా ప్రతినిమిషం గురుతులనే మరువకనే బ్రతుకుతున్నా కనులసలే నిదురొదిలే నీకొరకే వెతుకుతున్నా,1,0,0.9042995572090149,False,unclassified (needs manual review)
"పికినవ్ తీ పిల్లి ఆతులు,,🤣🤣🤣",1,0,0.6404139399528503,False,unclassified (needs manual review)
నీకు ఇ మధ్య మేకప్ యెక్కువ అవుతుంది,1,0,0.8203504681587219,False,unclassified (needs manual review)
అందరిలాగే అనుకున్నావా ఘోస్ట్ thidthe ఐబీ లో reply ఎస్థది ani🤣🤣🤣,0,1,0.7106968760490417,False,code-mixed/script-mixed
నీ....యబ్బ అవి పి...లేనా????,1,0,0.6420912146568298,False,short/ambiguous
నీవు వు ప్పుడు సల్లంగుండా,0,1,0.993969202041626,False,unclassified (needs manual review)
నీకు యాక్టింగ్ చేయనిక్క రాదు ఇక మూసుకో నీ,1,0,0.5444338321685791,False,low-confidence/ambiguous
వాల్మీకి బాలు బ్రో నీకు మగతనం లేదని ఒక్క అమ్మయి వర్షిని నే చెపింది ఇంకా ఎందుకు బ్రో kojjo dila బ్రతుకు,1,0,0.5903123021125793,False,code-mixed/script-mixed
ఈ chetta మాకు ఎందుకు,1,0,0.9702803492546082,False,code-mixed/script-mixed
అంజలి ని కూతురు వస్తే నాక్ సిగ్గు బాబోయ్ నా పెళ్ళాం కి తాళి కూడా కట్టలేను ని కూతురు నా ముందు ఉంటే 🙈🙈🙈🙈,0,1,0.9616256952285767,False,unclassified (needs manual review)
ఆంటీ కుక్క బావుంది గా,0,1,0.912428617477417,False,unclassified (needs manual review)
ఆడదాని మగ వాడిని రెచ్చగొట్టే,1,0,0.8079507350921631,False,unclassified (needs manual review)
నీ యవ్వ ఎవతివే 👠👠👠👠👠👠👠👠👠👠👠👠👠👠👠👠👠👠,1,0,0.5408918857574463,False,low-confidence/ambiguous
అవును రా అయ్యా. తన్ను కుంటున్నావు ఏమి. జుమ్మా నీకు,0,1,0.5881181359291077,False,low-confidence/ambiguous
బ్లూ ఫిలిం వస్తావా,1,0,0.9724767804145813,False,short/ambiguous
మీ దూల తీరుస్తా రా తొందరగా,0,1,0.6093934774398804,False,unclassified (needs manual review)
ఏమీ అక్క ఈ ల వీడియో సు ఏ డు కు పై డు త రు అ డ వ ల కు చి గు గ లీదా,0,1,0.5901840329170227,False,low-confidence/ambiguous
"ఏంటి రా మచ్చా వైట్ చీరలు కట్టుకొని వీడియో చేస్తే చూడాలని ఉందా..,. ఇంకేదో చూద్దామని దొంగ సమ్మగా ఉంది రా నీకు",0,1,0.6585177183151245,False,unclassified (needs manual review)
అవును బెంజ్ లారీ లాగా ఉన్నావ్,1,0,0.9931392073631287,False,unclassified (needs manual review)
చిలుక Key పిడక పెదవులు,1,0,0.5132026076316833,False,code-mixed/script-mixed
గొడుగు చూస్తే భయపడిపోతారు తెలుసా ఫైల్ మాన్ గా సిక్స్ ప్యాక్ నా కొడుకు సిక్స్ ప్యాక్ నా కొడుకు నీ కొడుకు బక్కచిక్కిన టు ఉన్నాడు,0,1,0.6836466789245605,False,unclassified (needs manual review)
ప్రేమ అనేది చాలా గొప్పది అందుకనే తొలిచూపులోనే ఒక అమ్మాయిని చూస్తున్నప్పుడు అబ్బాదేవుడు ఇలాంటి అమ్మాయిని నాకు ఇస్తే నేను గుండెల్లో పెట్టి పూజించుకుంటాను అనుకుంటారు కానీ దేవుడు దేవుడే కదా మనకు మనం అనుకున్న అమ్మాయిని వరంగా ఇచ్చాడు దేవుడు వరంగా ఇచ్చాడు ఏమోగానీ ఆ అమ్మాయి మాత్రం ప్రేమ వరంగా ఇవ్వదు దేశంలో ఆడవారిని మోసం చేసి మగవాళ్ళని కించపరుస్తూ మాట్లాడుతుంటారు కానీ మగవాళ్ళని బాధపెట్టి ఆడవాళ్ళ ని ఏమంటారు చెప్పండి అందుకే చెబుతున్నా అక్కలకి చెల్లెళ్లకి అన్నలకి బాబాయికి ఆంటీలకు కు ప్రేమ అనే పదాన్ని ఎప్పటికీ వాడొద్దు మీకు ఏమన్నా కోరికలు ఉంటాయి అవి డబ్బుతో నో తప్పా ప్రేమ దోమ అని ఎప్పటికైనా వద్దు దయచేసి చెబుతున్న ప్లీజ్ ఒక మనిషి ఆశ పడితే జీవితాంతం నాకే కావాలని ఏడుస్తా ఉంటది కానీ మనకి అందరు కావాలి ఇదెక్కడి న్యాయం చెప్పండి ఫ్రెండ్ నేను ఒంటరిగా ఉన్నాను ఎందుకో తెలుసా పది సంవత్సరాలు నాతో కాపురం చేసి నన్ను వదిలేసి వెళ్ళిపోయింది ఎప్పటికీ తిరిగి రాలేదు నేను ప్రాణానికి ప్రాణంగా ప్రేమిస్తున్న నా భార్య నన్ను వదిలి వెళ్ళిపోయింది అంటే మరి నీ సంగతేంటి,1,0,0.9671141505241394,False,unclassified (needs manual review)
"పూలు కాదురా Jaffaal లారా.... ,,ఓటు,, వేయండి.",1,0,0.7190061211585999,False,code-mixed/script-mixed
Guddalo దమ్ముంటే ట్రై చేసి చూడు నేను నికు భయపడి పోతే షేర్ చాట్ కే రాను 😁😁😁🤣🤣,0,1,0.5315812230110168,False,code-mixed/script-mixed
అబ్బబ్బా super bangaram.....ee verri na కొడుకులకు అంబేద్కర్ గారి విలువ తెలియదు చా,1,0,0.9692362546920776,False,code-mixed/script-mixed
మస్తు వెడల్పుగా ఉంది తొయ్యడానికి,1,0,0.7344895601272583,False,unclassified (needs manual review)
వెక్కి వెక్కి ఏడవడం నాక్కూడా నచ్చదు.. అందుకే దాని జోలికి పోకుండా ఉండేందుకు జాగ్రత్తలు వహిస్తున్నా.. 😤😤,0,1,0.6157664060592651,False,unclassified (needs manual review)
వాడు అడిగింది మొండెం మీద దండెం మీద కాదు.,0,1,0.967147946357727,False,unclassified (needs manual review)
మ౦చి సెక్సీ గా ఉన్నావు ఆ౦టీ,1,0,0.595058262348175,False,low-confidence/ambiguous
అక్క నీపరువు తీసుకో వద్దన్న టం లేదు కాని ఒక అమ్మ అమ్మయి పరువు తీయకు ప్లీజ్ అక్క ఇలాంటి విడియో స్ పెట్ట కు నీకు🙏🙏🙏🙏🙏🙏🙏🙏🙏🙏🙏🙏🙏🙏,1,0,0.7182153463363647,False,unclassified (needs manual review)
😲 వీళ్ళకి ఏమి వచ్చింది పోయేకాలం తినే వాటి మీద కాళ్ళు పెడుతున్నారు దొంగ ఎదవలు ప్రజల ఆరోగ్యాలతో ఆడుకుంటున్నారు సెక్సీ ఇలాంటి వాళ్ళ వల్లే మంచిగా చేసే వాళ్ళు కూడా బ్లడ్ పేరు,0,1,0.9440445303916931,False,unclassified (needs manual review)
అలా చేస్తే మూడు వస్తుంది పండుకుంటా,1,0,0.7843000888824463,False,unclassified (needs manual review)
గణపతి పప్పా మోరియా,0,1,0.628394365310669,False,short/ambiguous
ఇలాంటివి చేస్తేనే అలంటి అత్యాచారాలు జరిగాయి దొంగముండ,1,0,0.5059681534767151,False,low-confidence/ambiguous
ఫ్రెండ్స్ షేర్ చాట్ లో ఈ వస్తువు బుక్ చేసా కానీ చాలా మోసం జరిగింది. మేము బుక్ చేసిన వస్తువులు 1 మాకు వచ్చిన వస్తువులు వేరు కబడ్డీ. మీరు కూడా జాగ్రత్తగా ఉండండి ఫస్ట్ పెట్టిన నెంబర్ ఆ నెంబర్ కి ఎవరు ఏ వస్తువులు బుక్ చేసుకోకండి డబ్బులు పోతాయి జాగ్రత్త మా డబ్బులు మమ్మల్ని మోసం చేసిన ఎదవలు బాగుపడరు వాళ్లకి కూడా వంతు వంతు పోతాయని తెలియదు అనుకుంటా.,1,0,0.5470651984214783,False,low-confidence/ambiguous
ఎందుకు గ్రేట్ కన్నా తండ్రి చావు కోరుకొని తండ్రిని చంపుకుంది తల్లిదండ్రులు 5 నిమిషాలు సుకం కోసం పిల్లలని కనరు అలా కంటే నువు చేసింది కూడా సుకం కోసం ముందు తల్లిదండ్రులకి మర్యాద ఈ వడం నేర్చుకో,1,0,0.5226495862007141,False,low-confidence/ambiguous
కొంచం జరిపితే కనిపించేది బొడ్డు,0,1,0.9410392045974731,False,unclassified (needs manual review)
ఆంధ్ర అసలే క్లిష్ట పరిస్థితుల్లో ఉంది అనర్హం ఏవికాదు అన్నీ అమ్మాలి,1,0,0.9224082231521606,False,unclassified (needs manual review)
పాపం PUKU🤏👌🤘🤲🤲🤲🤲🤲🤲🤲 పగిలి పోయింది లా ఉంది ఇంటికి వెళ్లి చూసుకో చైనా పీస్,1,0,0.9227080941200256,False,code-mixed/script-mixed
"ఏ దొంగొడో,చూస్తే,జడ, కతిరించుకుపోతాడు,జాగ్రత్త",0,1,0.7289093732833862,False,short/ambiguous
ఎం తల్లి లడ్డు కావాలా 🤦‍♂️,0,1,0.8923717141151428,False,unclassified (needs manual review)
పాకనఉడి..లజముడలు...బాగనే. టెన్ నిగ్.ఇస్తున్నరు .,1,0,0.5253499150276184,False,low-confidence/ambiguous
ఈ ముస్లిమ్ లు ముస్లిం వాలను చంపుతారు హిందువులను చంపుతారు ఎందుకో ఇలా చేస్తున్నారు వీలు😡 ఆకడకడ ఏమేమో జరిగి మనుషుల ప్రాణాలు పోతుంటే వీలూ మసీదు లో 💣 పెట్టి ప్రాణాలు తిస్తునరు ఏంటో ఈ ప్రజల పరిస్తితి last ki ప్రపంచం అంతా అంతంమవుతుందేమో,1,0,0.5713576078414917,False,code-mixed/script-mixed
అరె నీకు బొచ్చు కట్టింగ్ కి డబ్బులు లేవా,1,0,0.5025267601013184,False,low-confidence/ambiguous
ఎరుపు ఏం చేసాడో మీకు,0,1,0.5081068277359009,False,low-confidence/ambiguous
నోరు కొంచం అదుపులో పెట్టుకోండి,1,0,0.8667466640472412,False,unclassified (needs manual review)
దొడ్డు ముక్కు హాయ్,1,0,0.9550086855888367,False,short/ambiguous
నీ బొడ్డు సూపర్ ఆటీ,0,1,0.9498650431632996,False,unclassified (needs manual review)
మీకు లూజ్ లూజ్ అంటే ఇష్టం ఆ జాకెట్ లూజ్ గావదలకండి బయటికి వస్తున్నాయి,1,0,0.859474778175354,False,unclassified (needs manual review)
Nevlanti వాల వలనే చిన్న పిల్లల లల్ను champestunnaru,0,1,0.7554954886436462,False,code-mixed/script-mixed
మీరు రియల్ హీరోయిన్ మేడం నాకు పిచ్చ పిచ్చగా నచ్చేసింది అసలు అనుపమ ప్లేస్లో మీరు ఉండాలి అసలు ఆ చాన్స్ మీకు ఇవ్వాలి,0,1,0.6364884972572327,False,unclassified (needs manual review)
"నీ అమ్మ అ నీ వీడియో టిక్ టాక్ నుంచి చూస్తున్నా ఎప్పటికీ మారవు ఏంట్రా,,,",1,0,0.8267138004302979,False,unclassified (needs manual review)
స్కోర్ మొత్తం dengindi,1,0,0.8327732086181641,False,short/ambiguous
సర్దార్ నీ బావ అని pilichav ☹️కథ ఆంటీ చిన్న పిల్లాడి నీ అల అంటావ్ ఆంటీ,0,1,0.719540536403656,False,code-mixed/script-mixed
రాజేష్ ని అమ్మ కి తెలుసు నా గురించి,1,0,0.9875110387802124,False,unclassified (needs manual review)
Na కామెంట్ నాకే కనిపించడం లేదు... ఎందుకు రా రిపోర్ట్ కొడుతున్నారు 🤦🤦🤦,1,0,0.9070364832878113,False,code-mixed/script-mixed
హే దింట్లో msg చేయకు నీకు కావాలి అంటే నా నెంబర్ కి msg చెయ్ సెక్స్ చాటింగ్ ఐనా no ప్రాబ్లెమ్,0,1,0.9664943218231201,False,code-mixed/script-mixed
అంజలి పిచ్చ కోపం వస్తుంది,0,1,0.9519052505493164,False,unclassified (needs manual review)
ఏంటి ఆంటీ ఇన్నిరోజులు ఎక్కడ పోయినావు అండి కనీసం ఫోన్ నెంబర్ పెడుతున్నా ఫోన్ చేయండి <number>,0,1,0.5439011454582214,False,code-mixed/script-mixed
అబ్బా సూపర్ s లు,1,0,0.9974959492683411,False,code-mixed/script-mixed
రోజక్క నువ్వు సూపర్ అక్క,0,1,0.630479633808136,False,unclassified (needs manual review)
"అసలు ఎప్పుడొస్తారో తెలీదు.. . ఎందుకొస్తారో తెలీదు .. . ఎందుకు వెళ్ళిపోతారో తెలీదు .. ఒక పోస్ట్ ఉండదు , కామెంట్ ఉండదు .... ఇలాంటోళ్ళని కిడ్నాప్ చేసేయాలి అని అప్పుడప్పుడు అనిపిస్తూ ఉంటుంది ఈ మధ్యే .. 🙄🙄",1,0,0.9342138767242432,False,unclassified (needs manual review)
పాల కొల్లు పాలు ఆంటీ,0,1,0.588966429233551,False,low-confidence/ambiguous
Eppatiki చెప్తున్న ఒసేయ్ వే గీ న ముందు డైరెక్ట్....అను చూద్దాం....నంబర్ evvu అంతే.......లేదా సైలెంట్ ఉండు,1,0,0.6957703232765198,False,code-mixed/script-mixed
ఒక నైట్ కి ఎంత ఒక షార్ట్ కి ఎంత మీరు ఎక్కడ ఉండేది అడ్రస్ చెప్పండి ఫోన్ నెంబర్ పెట్టండి,1,0,0.9875233769416809,False,unclassified (needs manual review)
అప్ప ఏముంది రా స్టేచర్ పటుకొని నికితే గొలబ్జ్అముల్ పైకీ రవల్ల,0,1,0.6078632473945618,False,unclassified (needs manual review)
మన బ్రతుకులకు బరొసలు లెవు ఆడతనం అంటే శృంగారం కొసం అనుకుంటూనరు ఈ మగ పురుషులు,0,1,0.9006250500679016,False,unclassified (needs manual review)
"చివరి కి దొమ్మరి షో లా అయ్యెంది, ఈ తురకదాని ఎంట్రీ తో 🤦🤦",1,0,0.6197839975357056,False,unclassified (needs manual review)
నీ ఎత్తు పళ్ళు నువ్వు నువ్వు,0,1,0.6714964509010315,False,unclassified (needs manual review)
"""వాళ్ళ వీర్యం పడే వరకు మన ఐడిస్ పోవు వాళ్ళ వీర్యం కరీనా తర్వాత మన ఐడీ లు పోతాయి గమనించండి సామి""",0,1,0.7842744588851929,False,unclassified (needs manual review)
దేవుళ్ళు గురించి కామెంట్స్ చేయకండి ఎవరి దేవుడు ఆ వాళ్లది ఆ శబ్దాలు ఏంటో చూడండి అంతేగాని దేవుడు మాత్రం మీ దేవుడు మా దేవుడు అన్న వద్దు అల్లా ఈశ్వర ఏసు ప్రభు వారంతా మానం కాపాడి దేవుళ్ళు నా దేవుడు గొప్ప దేవుడు గొప్ప అసలు అనొద్దు చేతనైతే సాయం చేయండి లేకపోతే మానేయండి ఇలాంటి కామెంట్స్ పెట్టొద్దు వారు కష్టాల్లో ఉన్నారు వీలైతే సాయం చేయండి లేకపోతే మానేయండి,1,0,0.9919623732566833,False,unclassified (needs manual review)
వేంటి నాకు గుళ్ళో దేవతా అంతా వొద్దు నాకు సాధారణ మనిషిగా మీరూ నాకూ గురుతిస్తే చాలూ మీరూ,1,0,0.9022061228752136,False,unclassified (needs manual review)
నా కామెంట్ రిపోర్ట్ కొట్టిన వాళ్ళకి జుట్టు ఉడిపోద్ది 🤧🤧🤧ఫోన్ వాటర్ లో పడిపోద్ది,0,1,0.6275807023048401,False,unclassified (needs manual review)
ఆమె నీ పాత్తి పెటింది మా ఊరు లోనే మా ఊరు lalgadimalakpet. ఉటి malakpet అన్ని రాశారు వాస్తవాలు తెలుసుకొని మాట్లాడడం బెస్ట్,0,1,0.6088505983352661,False,code-mixed/script-mixed
హ చక్కగా ఇక్కడ తిడుతుంటే sc గాడు కామెంట్ ని కిందికి తోస్తున్నాడు మాయ ఆంటీ,0,1,0.5614535808563232,False,code-mixed/script-mixed
ఇలాంటి గజ దొంగల్ని నమ్మడం వల్లే మన రాష్ట్రాన్ని సర్వనాశనం చేసుకున్నాను,1,0,0.5589963793754578,False,low-confidence/ambiguous
28సైజ్ దీని వీడియో కూడ నా దగ్గర వుంది 🤗🤗🤗సెక్సీ girl,1,0,0.7679973840713501,False,code-mixed/script-mixed
నువ్వు రోజు రోజుకి. బక్కగా అవుతున్నావు... లైకులు కూడా తాము కానీ. మీరు పీకరు చేయకండి..plz. ప్లీజ్ మీరు బాగా తినండి. సిస్టర్.............,0,1,0.7965266704559326,False,code-mixed/script-mixed
నా సిస్టమ్ కి లాక్ పెట్టాను ఆ లాక్ నా ఫ్రెండ్ కి మాత్రమే తెలుసు అది నా రూమ్ లో ఉన్నవాడికి వాడు కూడా నాతోనే ఉండి నా దగ్గర పని నేర్చుకొని ఈరోజు నన్ను మోసం చేసాడు 😡😡😡,1,0,0.9444044232368469,False,unclassified (needs manual review)
నీ నడుమూ సూపర్ సెక్సీ గావునవ్ 143,1,0,0.6730057597160339,False,unclassified (needs manual review)
"స్కూల్ లో మాస్టర్ కూడా ఇలా ఉంటాడా, సోదిగాడు",1,0,0.9687209129333496,False,unclassified (needs manual review)
ఉన్న ఇల్లు కూడా దిక్కులేదు గాని కొత్త వాళ్ళు డబ్బులు మంజూరు చేస్తారా 420 గర్ల్,1,0,0.9719887375831604,False,unclassified (needs manual review)
నాకి ఇలా0టి కుక్క కావాలి,0,1,0.9069415330886841,False,unclassified (needs manual review)
అంతా విపీసి చూపించు సరిపోతుంది,1,0,0.7275227308273315,False,unclassified (needs manual review)
( 6 ) ఆరు కోట్ల అంద్రుల హక్కు ఇప్పటికే సగం సొమ్ము పదకాలపేరు తో పంచేసారు ఇంకేముంది రాస్ట్రన్ని అమ్మటానికి,1,0,0.8598129749298096,False,unclassified (needs manual review)
బ్రేకింగ్ న్యూస్ టాలీవుడ్ హీరో. సాయి ధరమ్ తేజ్ గారు మృతి 🤷,1,0,0.9941632151603699,False,unclassified (needs manual review)
అది kojaara సరెగచుడు,1,0,0.5427562594413757,False,short/ambiguous
ఇస్తాను కానీ నీకోసం చచ్చిపోతే నిన్ను చూస్కొలేను కదా,1,0,0.87150639295578,False,unclassified (needs manual review)
ఆడది అలుసు కాదు,1,0,0.8414421677589417,False,short/ambiguous
నీకు ఒక్క కొడుకు ఉన్నాడు కదరా వేదవ,1,0,0.830382764339447,False,unclassified (needs manual review)
నికు ఇండియా వాళ్ళు అన్నయ్యలు లు ఐతే ఆఫ్రికా వాళ్ళని పాకిస్థాన్ వాళ్ళని చేసుకో దెబ్బ గాట్టిగా ఉంటుంది,1,0,0.7551284432411194,False,unclassified (needs manual review)
ఎవరితో పడుకొని ప్రేగ్నాన్సీ వచ్చిందో తెలిడం లేదు...,1,0,0.5673703551292419,False,low-confidence/ambiguous
అసలు నీ టైం బావుంటే పది మందికి జ్యోతిష్యం ఎందుకు చెబుతావు బయ్యా,0,1,0.8977469801902771,False,unclassified (needs manual review)
బట్టలు మొత్తం విప్పి వీడియో చేయి తు ని బతుకు చెడ,0,1,0.9327688813209534,False,unclassified (needs manual review)
పెళ్ళాం లేచిపోయి సంజు 😞😞 పెళ్ళాం వదిలేసిన సంజు నీకు పెళ్ళాం లేదు దానికి మొగుడు లేడు సెట్ అయ్యారు 🤣🤣,1,0,0.8527880311012268,False,unclassified (needs manual review)
వాళ్ళు వాళ్ళు బాగుంటాడు రా నువ్వే నాశనం అయిపోతావ్,1,0,0.7811812162399292,False,unclassified (needs manual review)
Hasini మరి నీ కొలతలు ఎంత,1,0,0.5219759345054626,False,code-mixed/script-mixed
"అమ్మ,, రేట్స్ పెంచి జనాలని పీక్కు తింటున్న నాకేమి కాకూడదు,, వాళ్ళ ఊసురు తగలకుండా చూడమ్మా,, అని అమ్మకి హారతి ఇస్తూ వేడుకుంటున్నాడు",0,1,0.6732415556907654,False,unclassified (needs manual review)
నీ ఎద పైన టాటూ చూడాలని డ్రస్ కొంచెం కిందికి దించేశారు. తెలిసిపోతుంది,0,1,0.8997344970703125,False,unclassified (needs manual review)
తిక్క తిక్క గా ఉంది,1,0,0.5607749819755554,False,low-confidence/ambiguous
జగన్ అన్న ముందు వీడేంత బచ్చగాడు 🙄🙄,0,1,0.8601661920547485,False,unclassified (needs manual review)
నువ్వు వచ్చిన తరువాత క్యాస్ట్ ( caste) feeling vachindhi ra. ముందు నువ్వు MLA గా గెలువు,1,0,0.6176607012748718,False,code-mixed/script-mixed
"నను tag చేస్తే ఉరేసి సంపుతా అని కదా apple దాని మీనింగ్🤔,తమిళ్ నాకు కూడా నాకు వస్తోంది నీ పుణ్యాన",1,0,0.968988299369812,False,code-mixed/script-mixed
నీకు మీ bava పిచ్చి బాగ పట్టుకుంది,0,1,0.9871921539306641,False,code-mixed/script-mixed
Jagan: ఏపీ ముఖ్యమంత్రి వైఎస్‌ జగన్‌ ఎన్నో కీలక నిర్ణయాలు తీసుకుంటున్నారు. ఇక రాష్ట్రంలో పీఆర్‌సీ కోసం ఉద్యోగులు ఆందోళన మొదలు పెట్టారు. అయితే..,1,0,0.8176946640014648,False,code-mixed/script-mixed
ఇంకోసారి. నువు నన్ను మర్చిపో అన్నావు అనుకో..నియమ్మ నేను నిజంగా చచ్చిపోతాను,1,0,0.9327174425125122,False,unclassified (needs manual review)
బుజ్జి కుక్క పిల్ల,0,1,0.7968018651008606,False,short/ambiguous
ఇంకా కొన్ని మద్యం షాపులు పెంచండి డీజిల్ పెట్రోల్ ధరలు మళ్లీ పెంచండి నిత్యావసర వస్తువుల పై టాక్స్ ఎక్కువ చేయండి సామాన్యుల కష్టాన్ని నమ్మకాన్ని అమ్ముకోండి🤔 ఇప్పడు అనండి రావాలి మళ్లీ సీఎం జగన్ కావాలి జగన్ అని అరవండి,1,0,0.872650146484375,False,unclassified (needs manual review)
ఈ కార్యక్రమంలో పాల్గొన్న ప్రతి రోజూ ఓ గ్లాసుడు మజ్జిగ పులుసు పొడి కలిపి ముఖానికి పట్టించి ఉ,1,0,0.9810498356819153,False,unclassified (needs manual review)
ఒక రాత్రి కీ ఎంత తీసికుంటవ,1,0,0.9790013432502747,False,unclassified (needs manual review)
న్యూస్ ఎది అయినా వీళ్ళు అడుక్కోవటం మాత్రం కామన్ .. ఎందుకంటే ఎంత మంది తిట్టినా వాళ్ళకి దున్న పోతు మీద వాన పడినట్లే .. కుక్క తోక వంకర అన్నట్లు..😪😪😪,0,1,0.9412072896957397,False,unclassified (needs manual review)
ఇల్లు కాలి ఒకడు ఏడుస్తుంటే రంకుమొగుడు వచ్చి రాయ విసిరిన టు మాకెందుకు రా ఎదవ సోది,0,1,0.993757963180542,False,unclassified (needs manual review)
"అంతే, కొంచెం కూడా బుద్ది, జ్ఞానం లేదు",1,0,0.9469886422157288,False,unclassified (needs manual review)
మో క మూ.. పూ ట లాస్ టిప్స్ ఫర్ డెమోక్రాటిక్ ఫ్రంట్ స్థాపన జరిగింది,0,1,0.9869385957717896,False,unclassified (needs manual review)
అరే ఒక్క సీట్ కే ఇంత సీన్😝😝😝పుల్కా నా..,1,0,0.6067205667495728,False,unclassified (needs manual review)
ఒరేయ్ నువ్వు అసలు ఆడ మగ ఎందుకు రా మామ మైండ్ తింటున్నావ్ నువ్వు,1,0,0.810005784034729,False,unclassified (needs manual review)
😂😂😂😂😂😂😂😂😂😂😂😂😂😂😂😂😂😂😂😂😂😂😂😂😂😂😂😂😂😂😂😂😂😂😂😂😂😂😂😂 సెంటు వాసన అస్సలు బాలేదు చి చి 😂😂😂😂😂😂,1,0,0.7479254603385925,False,unclassified (needs manual review)
వాడిని అడ్డం గా రెండు సార్లు నిలువుగా మూడు సార్లు కోసి సాలిడ్ గా ఉప్పు కారం పెట్టండి 🌹,1,0,0.8554970622062683,False,unclassified (needs manual review)
గాడ్సే ఒక హంతకుడు వాడి స్టేట్మెంట్ 60 సంవత్సరాలు గా దాచారట హత్య చేసినాడు ఎన్నో చెపుతాడు వింటారా చీ చీ దారిద్ర్య రాజకీయాలు !😢 గాడ్సే ను జాతిపిత గా పెడతారు ఈ బీజేపీ వారు,0,1,0.583110511302948,False,low-confidence/ambiguous
రామ్ బామ్మర్థి ని చెల్లిని దెన్గిన ఎలా ఉందొ రుచి వెళ్లి అడుగు బామ్మర్థి 😂🖐,1,0,0.9487169981002808,False,unclassified (needs manual review)
"కట్టుకున్నోడు వదిలేసాడు పుట్టింటోళ్లు తరిమేశారు , పట్టుమని పదహరేళ్లు కట్టుకుంటే మూడే ముళ్ళు రా అని పాట పాడు భాగి అంటి ,😀😀😀 నీకు బాగా సెట్ అవుద్దీ ,😂😂",0,1,0.8026508092880249,False,unclassified (needs manual review)
enthki నువ్వు అమాయ లేదా కోర్జన,1,0,0.8740825653076172,False,code-mixed/script-mixed
కొడితే రెండు గుడ్లు పగిలిపోవాలి రాజా రాణి ఏముంది ఇంకా,1,0,0.9618646502494812,False,unclassified (needs manual review)
"గుడుసుకున్నారా లేదా ఇంకా, వెళ్లి ఓ మూలకు పోయి గుడుసుకోండి",1,0,0.823803186416626,False,unclassified (needs manual review)
ఎంత పొగరు వాడికి ఒంగోబెట్టి తాన్నాలి ఆ వేదవనీ,1,0,0.8520896434783936,False,unclassified (needs manual review)
"ఆదా నీ సౌందర్య రహస్యం పొట్టోడా ,పా దూరం జరుగు నాకు😒",1,0,0.8801295757293701,False,unclassified (needs manual review)
పెళ్లి అయింది గా అన్ని మూసుకొని ఇంట్లో ఉండ కుండ దేనికే నీకు ...,1,0,0.7379885911941528,False,unclassified (needs manual review)
Bayataki చేపకు జై జగన్ అని బాటలు విప్పికొడ్డటరు 🖕,1,0,0.703377902507782,False,code-mixed/script-mixed
అది హిజ్రాల్ నాయనా,0,1,0.6822716593742371,False,short/ambiguous
మీ అబ్బాయిలు గోకితే తప్పు లేదు🤔🤔మా అమ్మాయిలు గోకితే తప్పా😱😱,1,0,0.8949531316757202,False,unclassified (needs manual review)
ఆమెకి ఇక ఎమ్ కావాlraa...? Erri పుష్పం. ఎలాగో లా జీవితాన్ని లాక్కో చింది. 🙏🙏,1,0,0.7969520688056946,False,code-mixed/script-mixed
Nee అమ్మ డాష్ కెసిఆర్ గుడ్ సీఎం,1,0,0.9922059178352356,False,code-mixed/script-mixed
ఇక్కడ పని పాట లేకుండా చాలా మందే ఉన్నారు రోజుకి 50 ఎంటి 100 అయిన పెడతారు.. ఇదే ప్రపంచం అనుకుని బతికే వాళ్ళు చాలా మందే ఉన్నారు..మీరు కూడా అలాంటి వాళ్ళకే ట్రెండింగ్ ఛాన్స్ ఇస్తారు అందులో ఎపుడో 8 months బ్యాక్ వెళ్లిపోయిన వాళ్లందరినీ ఫాలో గా మీరే add చేస్తారు..అది తెలియక ఈ పిచ్చి వాళ్ళు వాళ్ళ పోస్ట్స్ కె అంత ఫాలోయింగ్ అని మురిసిపోతున్నారు😀🤭🤣,0,1,0.7458300590515137,False,code-mixed/script-mixed
బెడ్ రూం లోకి పనుకో,1,0,0.969228208065033,False,unclassified (needs manual review)
నాలుక కు ఎందుకు పూజ chayyatam,1,0,0.7993279099464417,False,code-mixed/script-mixed
నిను అన్న అని రెస్పెక్ట్ ఇచ్చేది మీరు పెద్ద తోపు లు ఆని కాదు నా మంచితనం అధి....పచ్చి గా చెప్పాలి అంటే నా అంతా బెవరస్ నా కొడుకు ఉండడు నన్ను మంచిగా ఉండనివ్వండి. 🙄🖐️,1,0,0.9098871350288391,False,unclassified (needs manual review)
లంగా పైట బాగుంది,0,1,0.5835211873054504,False,short/ambiguous
తప్పు గవర్నమెంట్ ది కాదు ఎన్నుకున్న ఆంద్రా జనాలది,1,0,0.8927638530731201,False,unclassified (needs manual review)
నిజంగా బర్రెల కాస్తున్నావా లేక లైకుల కోసం ఈ క్రేజ్ పెంచుకోవడం కోసం వీడియో చేసావా అందులో ఒకటి దున్నపోతు కూడా ఉంది జాగ్రత్త జాగ్రత్త,1,0,0.6817290186882019,False,unclassified (needs manual review)
పీకినవ్ తీ అందరివి,0,1,0.9319232106208801,False,short/ambiguous
ముందు నాకు చెప్పు నువ్వు చెడ్డ దానివా మంచి దానివా చెడు దానివైతే ఒకటి నొక్కు మంచి దానివైతే మెసేజ్ చూసి నవ్వు,1,0,0.7145007848739624,False,unclassified (needs manual review)
ఎయ్ రా పులి అది లెక్క ఫ్యామిలి మొత్తం లెజెండ్స్ ప్యామిలి....తొడకొట్టు చిన్న,0,1,0.6644259095191956,False,unclassified (needs manual review)
బాలు గాడు ఏమో వట్సప్ నంబర్ ఇవ్వడానికి ఉచ్చపోసుకుంటున్నాడు 😂😂😂😂,1,0,0.619276225566864,False,unclassified (needs manual review)
"ఇలాంటి వాళ్లకు support ఇవ్వకూడదు... లేచి పోయి పెళ్లి చేసుకుంటే అది అస్సలు ప్రేమే కాదు,నిజమైన ప్రేమ పెద్దలను ఒప్పించి పెళ్లి చేసుకుంటుంది...ఇలా కాదు.... So వీళ్ళు చివరి వరకు కలిసి ఉండరు అనుకుంటున్నాను. నిజమైన ప్రేమ శాశ్వతంగా ఉండాలి... వారిలో ఈ ప్రేమ లేదు. అసలు ఇది ప్రేమే కాదు.just వ్యామోహం ఎంతవరకు ఉంటుందో చూడాలి...",1,0,0.9208579659461975,False,code-mixed/script-mixed
పక్క మాస్ గాడు కోతి 🏃‍♀️🏃‍♀️,1,0,0.7691510319709778,False,unclassified (needs manual review)
ఏమి అయ్యా సల్మాన్ఖాను పాముకి కూడా నువ్వంటే ఎంత ఇస్తామయ్య... నీ క్రేజ్ పాముల్లోకి కూడా పాకిందిపో.... 😎😎,0,1,0.5669922828674316,False,low-confidence/ambiguous
🙄🙄ఏమైంది ఏం జరుగుతుంది అసలు ఏపీ అంత పాపిష్టు వాళ్ళు ఉన్నారా🤔రోజు రోజు పెరుగుతుంది కానీ తగ్గట్లేదు రాను రాను ఏపీ వాళ్ళు ఉండరు ఏమో ఇగ😫😫😫,1,0,0.9054399728775024,False,unclassified (needs manual review)
దానిమ్మపళ్ళు భలే ఉన్నాయి,0,1,0.6384271383285522,False,short/ambiguous
ఏంటి....దురద కానీ వచ్చిందా ...,1,0,0.8793177008628845,False,unclassified (needs manual review)
లక్కీ సిస్ ధి... 🐕👈 ఉంధి గా సో...🙄🙃,1,0,0.9224079847335815,False,unclassified (needs manual review)
అరే కుంటి నాగరాజు గా అని చూపిస్తున్నావు గాని కొత్త బండి చూపి లేదు కదరా కొండాపూర్ గా,1,0,0.681236207485199,False,unclassified (needs manual review)
మీకూ నిజాగా తిక్క వుంది మీకూ దేనికి అనీ చెప్పేరు వెంటి గూడె నైట్ అనీ అనాకుండ గూడె మోరిన్నింగ్ చెప్పేరు వుంటున్న కొద్దీ మీకు ఇలా తయ్యారావుతు న్నారు మిరు,0,1,0.6144052743911743,False,unclassified (needs manual review)
"3 ltrs జగ్గు fill చేసి, అందులోనుండి 5 ltrs జగ్గులోకి పాలు పోయాలి.. మళ్ళీ 3 ltrs జగ్గు fill చేసి, 5 ltrs జగ్గులోకి పోస్తే.. 5 ltrs జగ్గులో 3+2 లో ఉండి, మిగతా 1 ltr 3 ltrs జగ్గులో ఉంటాయి",0,1,0.8846032619476318,False,code-mixed/script-mixed
రేయ్ హాజ్జం అమ్మాయిలు కాదు ra భరిస్తుంది అబ్బయిలు ra,0,1,0.6061094999313354,False,code-mixed/script-mixed
. కాలం కలసి రాక పోతే ఆతులు కూడా పాములయి కరిచాయంట🙂🙂,1,0,0.6855672001838684,False,unclassified (needs manual review)
Evarni నన్ను ముంచుతావా 😳,1,0,0.7471523284912109,False,code-mixed/script-mixed
"Orni...vallu annavi reverse ante సరిపోద్ది,😛అయిన తిట్ల దాకా ఎందుకు పోవాలి...ఫ్రెండ్స్ ఆ గా ర అనేది...",0,1,0.5671077370643616,False,code-mixed/script-mixed
తొలి సారి నీ పర్ఫామెన్స్ చూసి కామెంట్ చేసిన బదులు ఓ స్వీటీ లా లల లలాలలాల,0,1,0.6584182381629944,False,unclassified (needs manual review)
ఐ లవ్ యు డార్లింగ్ సూపర్ వస్తే పెడతా,1,0,0.9964984655380249,False,unclassified (needs manual review)
ప్రపంచంలో ప్రతి దేశంలో మోడీని అభిమానించే వాళ్ళు ఉంటే ఇక్కడ వేదవవలు ఇలా వీడియో చూపిస్తారు ఈ రోజు మన దేశాన్ని చూసి పక్కదేశాలు భయపడుతున్నాయి అంటే అది మోడీ సర్ పుణ్యమే 🙏,1,0,0.9327899217605591,False,unclassified (needs manual review)
మాయ ప్లేట్ గాడు నాకు నమో నీళ్లు కూడా ఖర్చు లేకుండా,1,0,0.9494868516921997,False,unclassified (needs manual review)
నీకు సిగు ఉంద,1,0,0.6671868562698364,False,short/ambiguous
అన్నా నువు వచ్చినా పికేదీ... ఏమీ లేదు... రిటైర్మెంట్ తీసుకో..... కో కో కో కో కో కో కో కో కో కో కో కో.......,1,0,0.7158034443855286,False,unclassified (needs manual review)
నువ్వు కూడా వాళ్ళ లాగే తయారయ్యావు గా,1,0,0.9157946109771729,False,unclassified (needs manual review)
ఒసేయ్ ఏంటే నీ,0,1,0.683811366558075,False,short/ambiguous
థాంక్యూ అండి మీకు అమ్మాయి గాడిద,0,1,0.8521203994750977,False,unclassified (needs manual review)
నువ్వంటే నాకు❤ పిచ్చ👌👌🌹🌹🌹❤❤❤. <number>,0,1,0.7411226034164429,False,code-mixed/script-mixed
ఆది ముక్కా లెక మూసీ నదిన.... తల్లీ,1,0,0.877708375453949,False,unclassified (needs manual review)
పంది బురదలో కాకుండా రోడ్ మీద పొర్లుతుంది,0,1,0.514564037322998,False,low-confidence/ambiguous
నోరు అదపులో పెట్టుకొని మాటలాడు ఎవరుతో మాట్లాడుతూ ఉన్నావు నీకు తెలీక పోతే మి పాస్టర్ గారిని అడుగు,1,0,0.9223994016647339,False,unclassified (needs manual review)
అసలు మీ వీడియోలు సూపర్ అన్నయ్య ఎక్కడ వెతుకుతున్నారు గాని పిచ్చ కామెడీ,0,1,0.7045431137084961,False,unclassified (needs manual review)
రైతు రోడ్డు ఎక్కితే అది అలోచించాలి.ఉద్యోగి గురించి అలోచన చేయడం వ్యర్థం ఇస్తున్నా జీతాలే ఏక్కువ మీకు.ఒక్క ఒక్కరికి తక్కువలో తక్కువగా 20000రూపాయలు ఉంటుంది జీతం.మాకు 10000 రూపాయలు జీతం మేము బతుకుతున్నాముగా మీరు బతకలేరా,1,0,0.9233333468437195,False,unclassified (needs manual review)
మొదట ఇద్దరు పిల్లలు ఒడ్డుకు వెళ్తారు అక్కడ నుండి ఇ ఒక పిల్లాడు వెనక్కి వస్తాడు అప్పుడు వాళ్ళ నాన్న వెళ్తాడు మళ్లీ ఒక పిల్లవాడు వెనుకకు వస్తాడు మళ్లీ ఇద్దరు పిల్లలు ఒడ్డుకు పోతారు మళ్లీ ఒక పిలగాడు వస్తాడు అప్పుడు వాళ్ళ అమ్మ పోతుంది మళ్లీ ఒక పిల్లగాడు వెనుకకు వస్తాడు అప్పుడు ఇద్దరు ఒడ్డుకు చేరుతారు,0,1,0.5999548435211182,False,low-confidence/ambiguous
కులాల కులాల అని నువ్వే రా అంటున్నావు,1,0,0.9339856505393982,False,unclassified (needs manual review)
నీది అంత పెద్దగా ఉంటుందా,0,1,0.7131876349449158,False,unclassified (needs manual review)
బొజ్జ సంతోషి కుమారి గారు ఒరిజినల్ వాయిస్ వినాలి లైవ్ పెట్టాండి 🙏,0,1,0.5878807306289673,False,low-confidence/ambiguous
లడ్డు లా బలే వున్నారు అండి మిరు,0,1,0.8506439328193665,False,unclassified (needs manual review)
"ముసలి కోతి ఈడే ఉంది గా ,😀😀😀",0,1,0.7180094122886658,False,unclassified (needs manual review)
బాలు పెద్ద అన్న వస్తున్న అగు ఎవరు జూకుతారో చుదువు పెద్ద అన్న,1,0,0.7175012826919556,False,unclassified (needs manual review)
వాళ్లని ఇల్లలిబదులు నన్ని కెలుకు,1,0,0.6846192479133606,False,unclassified (needs manual review)
"హాయ్ అక్క చాలా సూపర్గా ఉన్నారు నా నెంబర్ పెడతాను కాల్ చేయండి ప్లీజ్, <number> ,ప్లీజ్ దయచేసి కాల్ చేయండి మీతో మాట్లాడాలి అనిపిస్తుంది",1,0,0.9976001381874084,False,code-mixed/script-mixed
కుక్కలు🥰 వాగుతూనే ఉంటాయి మీరు పట్టించుకోకండి నిజంగానే మీరు సౌందర్య అలాగే ఉన్నారు💐,1,0,0.5702794790267944,False,low-confidence/ambiguous
షేర్ చాట్ లో ప్రతి న్యూస్ కి లైక్ లు అడిగివాళ్ళాను .......ఎండిపోయిన చెట్టుకు వేలాడదియ్యాలి😄😄😄😄😄,1,0,0.8227810263633728,False,unclassified (needs manual review)
హాయ్ బంగారం ఎలా ఉన్నావు బాగున్నారా నువ్వంటే పడి పడి పిచ్చి పిచ్చిగా నచ్చావ్ ఒక్కసారి మీ మొబైల్ నెంబర్ నాకు పెట్టండి నీతో మాట్లాడాలి ఐ లవ్ యు డార్లింగ్ ప్లీజ్,0,1,0.9736534953117371,False,unclassified (needs manual review)
ఏం నీ మొగుణ్ణి నీ చెప్పు కింద పెట్టుకున్నావా ఏంటి ఆ బ్రాండ్ ఏదో నువ్వే కనిపెట్టినట్టు ఉన్నావ్,0,1,0.8647584915161133,False,unclassified (needs manual review)
ఒక్కొక్క సళ్ళు 10 లీటర్లు పాలు,0,1,0.925520122051239,False,unclassified (needs manual review)
సూపర్ నిమామిడి కాయలను ఓకసాచికలనివుంది,1,0,0.9167085289955139,False,unclassified (needs manual review)
డబ్బులు పెట్టి మొబైల్ లో రీఛార్జ్ చూపిస్తున్నాం మోజు చూస్తున్నాం కాబట్టి నిన్ను అనే రైట్స్ మాకు ఉన్నాయి నువ్వు దున్నపోతులా ఉన్నావు అందుకే నీ బాధ,1,0,0.960701048374176,False,unclassified (needs manual review)
చిచ్చి రికడింగ్ డాన్స్ వేసేవాళ్ళైకూడా వదల మీరు బాబోయ్,0,1,0.7711185812950134,False,unclassified (needs manual review)
గీతా అంట పీత లాగా దీని ప*** కి రా తొందరగా ఏం చేస్తున్నావ్ అంత లేటా అనేది,0,1,0.9802910089492798,False,unclassified (needs manual review)
తల్లి కొడుకుల సరసం బాగుంది సార్,1,0,0.9940358400344849,False,unclassified (needs manual review)
రాణి ఎందుకు అంత లావు అయిపోయావు🙁🙁,1,0,0.9544663429260254,False,unclassified (needs manual review)
దీని వీడియోలు నువ్వు చూచేవా దాని పుట్టుమచ్చ వీడియోస్ చూచావా,0,1,0.7579488754272461,False,unclassified (needs manual review)
So sexy డార్లింగ్,1,0,0.9009892344474792,False,short/ambiguous
ఓరి పాపి.... యేలి ముద్రగాడికి నీకే అంత ఉంటే...software నీ నాకెంత ఉంటుందో. ఎన్ని ids block chesthavra beta,1,0,0.6877436637878418,False,code-mixed/script-mixed
నీ పెదాలు సూపర్ గా ఉన్నాయి కవి జుర్రుకోవచ్చు,1,0,0.6646843552589417,False,unclassified (needs manual review)
నీ వు ఆda లేదా మగ లేదా hizra అర్థం కావడం లేదు,1,0,0.7211962938308716,False,code-mixed/script-mixed
గొడుగు రా బుడ్డోడా,0,1,0.8183637261390686,False,short/ambiguous
అలా చూడకు నాకు సిగ్గేస్తుంది,0,1,0.6780892610549927,False,unclassified (needs manual review)
వర్షిణి అక్క బట్టలు మొత్తం విపితే ఎం చేయలేదు అంట కదా బాలు అన్న ముందు నీకు లేదని ఒక అమ్మాయి నే వదిలేసింది కదా అన్న,1,0,0.9252023696899414,False,unclassified (needs manual review)
Glimpse సూపర్ గా ఉంది... All the best to entire team 👍👍👍👍 కాక పొతే అలియా భట్ లుక్ మిర్జాపుర్ సిరీస్ లో బీన ఆంటీ లాగ ఉంధి..😂😂,1,0,0.9727782011032104,False,code-mixed/script-mixed
రేస్ ఉంటా నీ వయసెంత నీవై నీ పొట్ట ఎంత చూసిన వాళ్ళు ఇచ్చిన మెసేజ్,0,1,0.6337572932243347,False,unclassified (needs manual review)
నిజంగా ఇది ఏదో తాగినట్లు ఉంధి..ఆగం ఆగం చేస్తుంది😵😵,1,0,0.9473356604576111,False,unclassified (needs manual review)
మొడీకి తెలుగు వచ్చా,0,1,0.6522722840309143,False,short/ambiguous
అమ్ముడు పోయిన TRS kukka,1,0,0.9355635643005371,False,code-mixed/script-mixed
సూపర్ సెక్సీ బూబ్స్,1,0,0.6992680430412292,False,short/ambiguous
మా ఫ్రెండ్ లైఫ్లో కూడా ఇలానే జరిగింది 12 సంవత్సరాలు లవ్ చేసి ఆ అబ్బాయి వేరే అమ్మాయిని పెళ్లి చేసుకున్నారు కానీ ఆ అమ్మాయి వేరే పెళ్లి చేసుకోలేదు ఆకలి చనిపోయింది మగవాళ్ళు కూడా అలానే ఉన్నారు,1,0,0.9728327989578247,False,unclassified (needs manual review)
ఒసెయ్ అమాయకురాలా రావే,0,1,0.7808705568313599,False,short/ambiguous
బంగారం నడుము బాగానే theeputhunavu,1,0,0.9448068141937256,False,code-mixed/script-mixed
ట్రూయ్. ట్రూయ్ ఏంది రా నాయన 🤣🤣🤣పిచ్చ కామిడీ,0,1,0.8383974432945251,False,unclassified (needs manual review)
ఈ కొంచెం ఇంకొంచెం జరుపు కిందికి సూపర్ గా ఉన్నాయి ఎస్,1,0,0.9793673157691956,False,unclassified (needs manual review)
జాకెట్ తీసి ఊపితే ఇంకా బాగుంటుంది తెల్సా ఆలా చేయండి,1,0,0.7482327818870544,False,unclassified (needs manual review)
భాగీ నా 🙄 i hit me wth my పారగాన్ మెట్టు 💆,1,0,0.9192609190940857,False,code-mixed/script-mixed
నీ ఇన్బాక్స్ రాసలీలలు..నాకు తెలుసు...మూసుకొని... పోవే...,1,0,0.7636388540267944,False,unclassified (needs manual review)
నీ పెళ్ళాంతో బ్లూ ఫీలిమ్స్ తీయరా బషీర్,1,0,0.7561669945716858,False,unclassified (needs manual review)
సూపర్ బేబీ నీ పాలు కావాలి బంగారం🥰🤫,1,0,0.9934287667274475,False,unclassified (needs manual review)
⚚నువ్వు వేలుగులో ఉన్న చీకటిలో ఉన్న నీలో ఉన్న పొగరు మాత్రం తగ్గనియకు. లేదంటే ప్రతి అడ్డమైన కుక్క నిన్ను చూసి మొరుగుద్ది..࿈,0,1,0.9769423007965088,False,unclassified (needs manual review)
ఈ రోజుల్లో ధనికుడు ఇంటి చుట్టాలు న్యాయం ధర్మం పేదోడి చేతిలో ఉండడం తప్పు కాదు,1,0,0.8717023730278015,False,unclassified (needs manual review)
జిల బానే ఉంది,1,0,0.732934832572937,False,short/ambiguous
నీ డీపీ లో కాజల్ ముక్కు కి గాజు గుచ్చరు ఎంటి చేతికి కదా వేసుకుంటారు గాజులు 🤭🤭🤭,1,0,0.701876163482666,False,unclassified (needs manual review)
"హాయ్ ప్రెండ్స్ నా లేరు కుషాల్.. మా ఇంట్లో అమ్మ , నాన్న నేను , చెల్లీ మాత్రమే ఉంటాము.. మాది రిచ్ ఫ్యామిలీ మా నాన్న ఒక పెద్ద బిజినెస్ మాన్.. మా చెల్లి హాస్టల్ లో చదువు కుంటడి.. నేను అమ్మ ఇంట్లో ఉంటాము.. మా అమ్మ కి చాలా చాలా బాగుంటది చూడటని.. తన గుద్దలు చాలా పెద్దగా , సండ్లు గుండ్రం గా చూడటానికి bigg boss 5 లో ప్రియా లాగా ఉంటది నాకు మా అమ్మని దెంగాలి అని చాలా కోరిక .. రోజు దేవుడిని కోరుకునే వాడిని ఈ కళ నెరవేరలిఅని దేవుడు దయ వల్ల ఆ రోజు రానే వచ్చింది.. ఎలా వచ్చిందో నేను మీకు నెక్స్ట్ పార్ట్ లో చెప్తాను.. వాడు షో దేన్గితే పక్క స్టొరీ పెద్దగా అవుతాది",0,1,0.8623324632644653,False,code-mixed/script-mixed
సెక్స్ సి గ వనా వు 💋💋🌹,0,1,0.9822362661361694,False,unclassified (needs manual review)
అన్ని కష్టాలు ఏపీ లోనే వస్తున్నాయి ఏంటి🙄ఏమో ఏందో జగన్ గారు సీఎం అయినప్పటి నుండి మొదలు అయ్యాయి 😫😫అన్ని కష్టాలు కొంచెం జాగ్రత్తగా ఉండండి ప్రజలారా😥,1,0,0.9573374390602112,False,unclassified (needs manual review)
పాల పాకెట్లు బాగా పెద్దగా ఉన్నాయి బాగానే ఉన్నాయి పాలు,1,0,0.9401602745056152,False,unclassified (needs manual review)
ఒక్క ఛాన్స్ ఇచ్చి చూడు రాత్రి కీ నిద్ర పట్టదు నీకు అంజు 💋💋💋💋💋💋💋💋💋💋,1,0,0.9502851366996765,False,unclassified (needs manual review)
నిన్ను వంగబెట్టి నీ బ్యాక్ లో పెట్టాలని ఉంది 🤙🤙🤙🤙🤙,1,0,0.7514951825141907,False,unclassified (needs manual review)
బందరు పోర్ట్ రాకపోతే కోనేరు సెంటర్ లో మోకాళ్ళమీద నడుస్తాను రాజకీయ సన్యాసం తీసుకుంటాను అన్నారు గుర్తుందా రెడ్డినాయుడు గారు కిరణ్ కుమార్ రెడ్డి గారు సిఎం గా వున్నప్పుడు హిందూ కాలేజీ లో 😏😏,1,0,0.7532764673233032,False,unclassified (needs manual review)
నీతో పడుకుంటే ఆ సుఖమే వేరుంటది పాప,1,0,0.8067527413368225,False,unclassified (needs manual review)
నీ బొడ్డు పక్కన మచ్చ చాలా బాగుంది,0,1,0.9050817489624023,False,unclassified (needs manual review)
నీ రెండు నిమ్మకాయ బాంబులు కావాలి ఇస్తావా పీసుక్కో టానికి,1,0,0.6022012233734131,False,unclassified (needs manual review)
నైస్ కుక్క పిల్ల,0,1,0.8312613368034363,False,short/ambiguous
