low,high,block_precision,block_recall,review_pct
0.05,0.5,0.9243208279430789,0.8842821782178217,0.2591727818545697
0.05,0.525,0.9288047028086218,0.879950495049505,0.26417611741160774
0.05,0.55,0.9291338582677166,0.8762376237623762,0.26651100733822547
0.05,0.575,0.9310801855533466,0.869430693069307,0.2715143428952635
0.05,0.6,0.9364973262032086,0.8669554455445545,0.27585056704469646
0.05,0.625,0.9418132611637348,0.8613861386138614,0.2818545697131421
0.05,0.65,0.946611909650924,0.8558168316831684,0.2875250166777852
0.05,0.675,0.9511854951185496,0.844059405940594,0.2965310206804536
0.05,0.7,0.954834156669019,0.8372524752475248,0.30220146764509676
0.05,0.725,0.9584527220630372,0.8279702970297029,0.30920613742494996
0.05,0.75,0.9602601156069365,0.8224009900990099,0.31320880587058036
0.05,0.775,0.9654919236417033,0.8137376237623762,0.3205470313542362
0.05,0.8,0.9671886651752424,0.8025990099009901,0.3275517011340894
0.05,0.825,0.9748475609756098,0.7914603960396039,0.3372248165443629
0.05,0.85,0.9796875,0.775990099009901,0.34789859906604403
0.05,0.875,0.9815409309791332,0.7568069306930693,0.3592394929953302
0.05,0.9,0.9842845326716294,0.7363861386138614,0.37158105403602404
0.05,0.925,0.9878997407087294,0.7073019801980198,0.38892595063375585
0.05,0.95,0.9918552036199095,0.6782178217821783,0.40627084723148765
0.075,0.5,0.9243208279430789,0.8842821782178217,0.21547698465643764
0.075,0.525,0.9288047028086218,0.879950495049505,0.22048032021347566
0.075,0.55,0.9291338582677166,0.8762376237623762,0.2228152101400934
0.075,0.575,0.9310801855533466,0.869430693069307,0.22781854569713142
0.075,0.6,0.9364973262032086,0.8669554455445545,0.23215476984656438
0.075,0.625,0.9418132611637348,0.8613861386138614,0.23815877251501
0.075,0.65,0.946611909650924,0.8558168316831684,0.2438292194796531
0.075,0.675,0.9511854951185496,0.844059405940594,0.25283522348232157
0.075,0.7,0.954834156669019,0.8372524752475248,0.25850567044696465
0.075,0.725,0.9584527220630372,0.8279702970297029,0.26551034022681785
0.075,0.75,0.9602601156069365,0.8224009900990099,0.2695130086724483
0.075,0.775,0.9654919236417033,0.8137376237623762,0.2768512341561041
0.075,0.8,0.9671886651752424,0.8025990099009901,0.28385590393595733
0.075,0.825,0.9748475609756098,0.7914603960396039,0.2935290193462308
0.075,0.85,0.9796875,0.775990099009901,0.30420280186791193
0.075,0.875,0.9815409309791332,0.7568069306930693,0.31554369579719815
0.075,0.9,0.9842845326716294,0.7363861386138614,0.32788525683789194
0.075,0.925,0.9878997407087294,0.7073019801980198,0.34523015343562374
0.075,0.95,0.9918552036199095,0.6782178217821783,0.36257505003335555
0.1,0.5,0.9243208279430789,0.8842821782178217,0.1837891927951968
0.1,0.525,0.9288047028086218,0.879950495049505,0.1887925283522348
0.1,0.55,0.9291338582677166,0.8762376237623762,0.19112741827885257
0.1,0.575,0.9310801855533466,0.869430693069307,0.1961307538358906
0.1,0.6,0.9364973262032086,0.8669554455445545,0.20046697798532354
0.1,0.625,0.9418132611637348,0.8613861386138614,0.20647098065376918
0.1,0.65,0.946611909650924,0.8558168316831684,0.2121414276184123
0.1,0.675,0.9511854951185496,0.844059405940594,0.22114743162108072
0.1,0.7,0.954834156669019,0.8372524752475248,0.2268178785857238
0.1,0.725,0.9584527220630372,0.8279702970297029,0.23382254836557706
0.1,0.75,0.9602601156069365,0.8224009900990099,0.23782521681120747
0.1,0.775,0.9654919236417033,0.8137376237623762,0.24516344229486325
0.1,0.8,0.9671886651752424,0.8025990099009901,0.25216811207471646
0.1,0.825,0.9748475609756098,0.7914603960396039,0.26184122748499
0.1,0.85,0.9796875,0.775990099009901,0.2725150100066711
0.1,0.875,0.9815409309791332,0.7568069306930693,0.28385590393595733
0.1,0.9,0.9842845326716294,0.7363861386138614,0.2961974649766511
0.1,0.925,0.9878997407087294,0.7073019801980198,0.3135423615743829
0.1,0.95,0.9918552036199095,0.6782178217821783,0.33088725817211473
0.125,0.5,0.9243208279430789,0.8842821782178217,0.15843895930620414
0.125,0.525,0.9288047028086218,0.879950495049505,0.16344229486324216
0.125,0.55,0.9291338582677166,0.8762376237623762,0.1657771847898599
0.125,0.575,0.9310801855533466,0.869430693069307,0.17078052034689792
0.125,0.6,0.9364973262032086,0.8669554455445545,0.17511674449633088
0.125,0.625,0.9418132611637348,0.8613861386138614,0.18112074716477652
0.125,0.65,0.946611909650924,0.8558168316831684,0.1867911941294196
0.125,0.675,0.9511854951185496,0.844059405940594,0.19579719813208807
0.125,0.7,0.954834156669019,0.8372524752475248,0.20146764509673115
0.125,0.725,0.9584527220630372,0.8279702970297029,0.20847231487658438
0.125,0.75,0.9602601156069365,0.8224009900990099,0.21247498332221482
0.125,0.775,0.9654919236417033,0.8137376237623762,0.21981320880587057
0.125,0.8,0.9671886651752424,0.8025990099009901,0.2268178785857238
0.125,0.825,0.9748475609756098,0.7914603960396039,0.23649099399599732
0.125,0.85,0.9796875,0.775990099009901,0.24716477651767846
0.125,0.875,0.9815409309791332,0.7568069306930693,0.25850567044696465
0.125,0.9,0.9842845326716294,0.7363861386138614,0.27084723148765844
0.125,0.925,0.9878997407087294,0.7073019801980198,0.28819212808539024
0.125,0.95,0.9918552036199095,0.6782178217821783,0.3055370246831221
0.15,0.5,0.9243208279430789,0.8842821782178217,0.1390927284856571
0.15,0.525,0.9288047028086218,0.879950495049505,0.14409606404269512
0.15,0.55,0.9291338582677166,0.8762376237623762,0.14643095396931288
0.15,0.575,0.9310801855533466,0.869430693069307,0.1514342895263509
0.15,0.6,0.9364973262032086,0.8669554455445545,0.15577051367578384
0.15,0.625,0.9418132611637348,0.8613861386138614,0.16177451634422949
0.15,0.65,0.946611909650924,0.8558168316831684,0.16744496330887257
0.15,0.675,0.9511854951185496,0.844059405940594,0.17645096731154103
0.15,0.7,0.954834156669019,0.8372524752475248,0.1821214142761841
0.15,0.725,0.9584527220630372,0.8279702970297029,0.18912608405603737
0.15,0.75,0.9602601156069365,0.8224009900990099,0.19312875250166778
0.15,0.775,0.9654919236417033,0.8137376237623762,0.20046697798532354
0.15,0.8,0.9671886651752424,0.8025990099009901,0.2074716477651768
0.15,0.825,0.9748475609756098,0.7914603960396039,0.2171447631754503
0.15,0.85,0.9796875,0.775990099009901,0.22781854569713142
0.15,0.875,0.9815409309791332,0.7568069306930693,0.2391594396264176
0.15,0.9,0.9842845326716294,0.7363861386138614,0.2515010006671114
0.15,0.925,0.9878997407087294,0.7073019801980198,0.2688458972648432
0.15,0.95,0.9918552036199095,0.6782178217821783,0.28619079386257507
0.175,0.5,0.9243208279430789,0.8842821782178217,0.12008005336891261
0.175,0.525,0.9288047028086218,0.879950495049505,0.12508338892595064
0.175,0.55,0.9291338582677166,0.8762376237623762,0.12741827885256837
0.175,0.575,0.9310801855533466,0.869430693069307,0.1324216144096064
0.175,0.6,0.9364973262032086,0.8669554455445545,0.13675783855903936
0.175,0.625,0.9418132611637348,0.8613861386138614,0.142761841227485
0.175,0.65,0.946611909650924,0.8558168316831684,0.1484322881921281
0.175,0.675,0.9511854951185496,0.844059405940594,0.15743829219479652
0.175,0.7,0.954834156669019,0.8372524752475248,0.16310873915943963
0.175,0.725,0.9584527220630372,0.8279702970297029,0.17011340893929286
0.175,0.75,0.9602601156069365,0.8224009900990099,0.1741160773849233
0.175,0.775,0.9654919236417033,0.8137376237623762,0.18145430286857905
0.175,0.8,0.9671886651752424,0.8025990099009901,0.18845897264843228
0.175,0.825,0.9748475609756098,0.7914603960396039,0.1981320880587058
0.175,0.85,0.9796875,0.775990099009901,0.20880587058038694
0.175,0.875,0.9815409309791332,0.7568069306930693,0.2201467645096731
0.175,0.9,0.9842845326716294,0.7363861386138614,0.23248832555036691
0.175,0.925,0.9878997407087294,0.7073019801980198,0.24983322214809872
0.175,0.95,0.9918552036199095,0.6782178217821783,0.26717811874583053
0.2,0.5,0.9243208279430789,0.8842821782178217,0.10640426951300867
0.2,0.525,0.9288047028086218,0.879950495049505,0.1114076050700467
0.2,0.55,0.9291338582677166,0.8762376237623762,0.11374249499666444
0.2,0.575,0.9310801855533466,0.869430693069307,0.11874583055370247
0.2,0.6,0.9364973262032086,0.8669554455445545,0.12308205470313542
0.2,0.625,0.9418132611637348,0.8613861386138614,0.12908605737158105
0.2,0.65,0.946611909650924,0.8558168316831684,0.13475650433622416
0.2,0.675,0.9511854951185496,0.844059405940594,0.1437625083388926
0.2,0.7,0.954834156669019,0.8372524752475248,0.1494329553035357
0.2,0.725,0.9584527220630372,0.8279702970297029,0.15643762508338893
0.2,0.75,0.9602601156069365,0.8224009900990099,0.16044029352901934
0.2,0.775,0.9654919236417033,0.8137376237623762,0.16777851901267513
0.2,0.8,0.9671886651752424,0.8025990099009901,0.17478318879252835
0.2,0.825,0.9748475609756098,0.7914603960396039,0.18445630420280187
0.2,0.85,0.9796875,0.775990099009901,0.19513008672448298
0.2,0.875,0.9815409309791332,0.7568069306930693,0.20647098065376918
0.2,0.9,0.9842845326716294,0.7363861386138614,0.218812541694463
0.2,0.925,0.9878997407087294,0.7073019801980198,0.2361574382921948
0.2,0.95,0.9918552036199095,0.6782178217821783,0.25350233488992663
0.225,0.5,0.9243208279430789,0.8842821782178217,0.09372915276851235
0.225,0.525,0.9288047028086218,0.879950495049505,0.09873248832555037
0.225,0.55,0.9291338582677166,0.8762376237623762,0.1010673782521681
0.225,0.575,0.9310801855533466,0.869430693069307,0.10607071380920614
0.225,0.6,0.9364973262032086,0.8669554455445545,0.1104069379586391
0.225,0.625,0.9418132611637348,0.8613861386138614,0.11641094062708472
0.225,0.65,0.946611909650924,0.8558168316831684,0.12208138759172782
0.225,0.675,0.9511854951185496,0.844059405940594,0.13108739159439625
0.225,0.7,0.954834156669019,0.8372524752475248,0.13675783855903936
0.225,0.725,0.9584527220630372,0.8279702970297029,0.1437625083388926
0.225,0.75,0.9602601156069365,0.8224009900990099,0.14776517678452303
0.225,0.775,0.9654919236417033,0.8137376237623762,0.15510340226817879
0.225,0.8,0.9671886651752424,0.8025990099009901,0.16210807204803201
0.225,0.825,0.9748475609756098,0.7914603960396039,0.17178118745830553
0.225,0.85,0.9796875,0.775990099009901,0.18245496997998667
0.225,0.875,0.9815409309791332,0.7568069306930693,0.19379586390927284
0.225,0.9,0.9842845326716294,0.7363861386138614,0.20613742494996665
0.225,0.925,0.9878997407087294,0.7073019801980198,0.22348232154769845
0.225,0.95,0.9918552036199095,0.6782178217821783,0.2408272181454303
0.25,0.5,0.9243208279430789,0.8842821782178217,0.08272181454302868
0.25,0.525,0.9288047028086218,0.879950495049505,0.0877251501000667
0.25,0.55,0.9291338582677166,0.8762376237623762,0.09006004002668445
0.25,0.575,0.9310801855533466,0.869430693069307,0.09506337558372248
0.25,0.6,0.9364973262032086,0.8669554455445545,0.09939959973315543
0.25,0.625,0.9418132611637348,0.8613861386138614,0.10540360240160107
0.25,0.65,0.946611909650924,0.8558168316831684,0.11107404936624417
0.25,0.675,0.9511854951185496,0.844059405940594,0.12008005336891261
0.25,0.7,0.954834156669019,0.8372524752475248,0.1257505003335557
0.25,0.725,0.9584527220630372,0.8279702970297029,0.13275517011340893
0.25,0.75,0.9602601156069365,0.8224009900990099,0.13675783855903936
0.25,0.775,0.9654919236417033,0.8137376237623762,0.14409606404269512
0.25,0.8,0.9671886651752424,0.8025990099009901,0.15110073382254838
0.25,0.825,0.9748475609756098,0.7914603960396039,0.16077384923282187
0.25,0.85,0.9796875,0.775990099009901,0.171447631754503
0.25,0.875,0.9815409309791332,0.7568069306930693,0.1827885256837892
0.25,0.9,0.9842845326716294,0.7363861386138614,0.19513008672448298
0.25,0.925,0.9878997407087294,0.7073019801980198,0.21247498332221482
0.25,0.95,0.9918552036199095,0.6782178217821783,0.22981987991994662
0.275,0.5,0.9243208279430789,0.8842821782178217,0.07304869913275518
0.275,0.525,0.9288047028086218,0.879950495049505,0.0780520346897932
0.275,0.55,0.9291338582677166,0.8762376237623762,0.08038692461641093
0.275,0.575,0.9310801855533466,0.869430693069307,0.08539026017344896
0.275,0.6,0.9364973262032086,0.8669554455445545,0.08972648432288192
0.275,0.625,0.9418132611637348,0.8613861386138614,0.09573048699132755
0.275,0.65,0.946611909650924,0.8558168316831684,0.10140093395597065
0.275,0.675,0.9511854951185496,0.844059405940594,0.1104069379586391
0.275,0.7,0.954834156669019,0.8372524752475248,0.11607738492328219
0.275,0.725,0.9584527220630372,0.8279702970297029,0.12308205470313542
0.275,0.75,0.9602601156069365,0.8224009900990099,0.12708472314876584
0.275,0.775,0.9654919236417033,0.8137376237623762,0.1344229486324216
0.275,0.8,0.9671886651752424,0.8025990099009901,0.14142761841227486
0.275,0.825,0.9748475609756098,0.7914603960396039,0.15110073382254838
0.275,0.85,0.9796875,0.775990099009901,0.16177451634422949
0.275,0.875,0.9815409309791332,0.7568069306930693,0.17311541027351568
0.275,0.9,0.9842845326716294,0.7363861386138614,0.18545697131420946
0.275,0.925,0.9878997407087294,0.7073019801980198,0.2028018679119413
0.275,0.95,0.9918552036199095,0.6782178217821783,0.2201467645096731
0.3,0.5,0.9243208279430789,0.8842821782178217,0.06337558372248166
0.3,0.525,0.9288047028086218,0.879950495049505,0.06837891927951968
0.3,0.55,0.9291338582677166,0.8762376237623762,0.07071380920613743
0.3,0.575,0.9310801855533466,0.869430693069307,0.07571714476317545
0.3,0.6,0.9364973262032086,0.8669554455445545,0.0800533689126084
0.3,0.625,0.9418132611637348,0.8613861386138614,0.08605737158105403
0.3,0.65,0.946611909650924,0.8558168316831684,0.09172781854569713
0.3,0.675,0.9511854951185496,0.844059405940594,0.10073382254836558
0.3,0.7,0.954834156669019,0.8372524752475248,0.10640426951300867
0.3,0.725,0.9584527220630372,0.8279702970297029,0.1134089392928619
0.3,0.75,0.9602601156069365,0.8224009900990099,0.11741160773849232
0.3,0.775,0.9654919236417033,0.8137376237623762,0.1247498332221481
0.3,0.8,0.9671886651752424,0.8025990099009901,0.13175450300200134
0.3,0.825,0.9748475609756098,0.7914603960396039,0.14142761841227486
0.3,0.85,0.9796875,0.775990099009901,0.15210140093395597
0.3,0.875,0.9815409309791332,0.7568069306930693,0.16344229486324216
0.3,0.9,0.9842845326716294,0.7363861386138614,0.17578385590393597
0.3,0.925,0.9878997407087294,0.7073019801980198,0.19312875250166778
0.3,0.95,0.9918552036199095,0.6782178217821783,0.2104736490993996
0.325,0.5,0.9243208279430789,0.8842821782178217,0.051701134089392926
0.325,0.525,0.9288047028086218,0.879950495049505,0.05670446964643095
0.325,0.55,0.9291338582677166,0.8762376237623762,0.0590393595730487
0.325,0.575,0.9310801855533466,0.869430693069307,0.06404269513008673
0.325,0.6,0.9364973262032086,0.8669554455445545,0.06837891927951968
0.325,0.625,0.9418132611637348,0.8613861386138614,0.07438292194796531
0.325,0.65,0.946611909650924,0.8558168316831684,0.0800533689126084
0.325,0.675,0.9511854951185496,0.844059405940594,0.08905937291527685
0.325,0.7,0.954834156669019,0.8372524752475248,0.09472981987991995
0.325,0.725,0.9584527220630372,0.8279702970297029,0.10173448965977318
0.325,0.75,0.9602601156069365,0.8224009900990099,0.1057371581054036
0.325,0.775,0.9654919236417033,0.8137376237623762,0.11307538358905937
0.325,0.8,0.9671886651752424,0.8025990099009901,0.12008005336891261
0.325,0.825,0.9748475609756098,0.7914603960396039,0.12975316877918613
0.325,0.85,0.9796875,0.775990099009901,0.14042695130086724
0.325,0.875,0.9815409309791332,0.7568069306930693,0.15176784523015344
0.325,0.9,0.9842845326716294,0.7363861386138614,0.16410940627084722
0.325,0.925,0.9878997407087294,0.7073019801980198,0.18145430286857905
0.325,0.95,0.9918552036199095,0.6782178217821783,0.19879919946631086
0.35,0.5,0.9243208279430789,0.8842821782178217,0.042028018679119414
0.35,0.525,0.9288047028086218,0.879950495049505,0.04703135423615744
0.35,0.55,0.9291338582677166,0.8762376237623762,0.049366244162775186
0.35,0.575,0.9310801855533466,0.869430693069307,0.05436957971981321
0.35,0.6,0.9364973262032086,0.8669554455445545,0.05870580386924616
0.35,0.625,0.9418132611637348,0.8613861386138614,0.06470980653769179
0.35,0.65,0.946611909650924,0.8558168316831684,0.07038025350233489
0.35,0.675,0.9511854951185496,0.844059405940594,0.07938625750500333
0.35,0.7,0.954834156669019,0.8372524752475248,0.08505670446964643
0.35,0.725,0.9584527220630372,0.8279702970297029,0.09206137424949967
0.35,0.75,0.9602601156069365,0.8224009900990099,0.09606404269513008
0.35,0.775,0.9654919236417033,0.8137376237623762,0.10340226817878585
0.35,0.8,0.9671886651752424,0.8025990099009901,0.1104069379586391
0.35,0.825,0.9748475609756098,0.7914603960396039,0.12008005336891261
0.35,0.85,0.9796875,0.775990099009901,0.13075383589059372
0.35,0.875,0.9815409309791332,0.7568069306930693,0.14209472981987992
0.35,0.9,0.9842845326716294,0.7363861386138614,0.15443629086057373
0.35,0.925,0.9878997407087294,0.7073019801980198,0.17178118745830553
0.35,0.95,0.9918552036199095,0.6782178217821783,0.18912608405603737
0.375,0.5,0.9243208279430789,0.8842821782178217,0.03468979319546364
0.375,0.525,0.9288047028086218,0.879950495049505,0.039693128752501666
0.375,0.55,0.9291338582677166,0.8762376237623762,0.042028018679119414
0.375,0.575,0.9310801855533466,0.869430693069307,0.04703135423615744
0.375,0.6,0.9364973262032086,0.8669554455445545,0.0513675783855904
0.375,0.625,0.9418132611637348,0.8613861386138614,0.057371581054036024
0.375,0.65,0.946611909650924,0.8558168316831684,0.06304202801867911
0.375,0.675,0.9511854951185496,0.844059405940594,0.07204803202134756
0.375,0.7,0.954834156669019,0.8372524752475248,0.07771847898599066
0.375,0.725,0.9584527220630372,0.8279702970297029,0.0847231487658439
0.375,0.75,0.9602601156069365,0.8224009900990099,0.08872581721147432
0.375,0.775,0.9654919236417033,0.8137376237623762,0.09606404269513008
0.375,0.8,0.9671886651752424,0.8025990099009901,0.10306871247498332
0.375,0.825,0.9748475609756098,0.7914603960396039,0.11274182788525684
0.375,0.85,0.9796875,0.775990099009901,0.12341561040693796
0.375,0.875,0.9815409309791332,0.7568069306930693,0.13475650433622416
0.375,0.9,0.9842845326716294,0.7363861386138614,0.14709806537691794
0.375,0.925,0.9878997407087294,0.7073019801980198,0.16444296197464978
0.375,0.95,0.9918552036199095,0.6782178217821783,0.18178785857238158
0.4,0.5,0.9243208279430789,0.8842821782178217,0.027685123415610406
0.4,0.525,0.9288047028086218,0.879950495049505,0.03268845897264843
0.4,0.55,0.9291338582677166,0.8762376237623762,0.03502334889926618
0.4,0.575,0.9310801855533466,0.869430693069307,0.0400266844563042
0.4,0.6,0.9364973262032086,0.8669554455445545,0.04436290860573716
0.4,0.625,0.9418132611637348,0.8613861386138614,0.05036691127418279
0.4,0.65,0.946611909650924,0.8558168316831684,0.056037358238825885
0.4,0.675,0.9511854951185496,0.844059405940594,0.06504336224149433
0.4,0.7,0.954834156669019,0.8372524752475248,0.07071380920613743
0.4,0.725,0.9584527220630372,0.8279702970297029,0.07771847898599066
0.4,0.75,0.9602601156069365,0.8224009900990099,0.08172114743162108
0.4,0.775,0.9654919236417033,0.8137376237623762,0.08905937291527685
0.4,0.8,0.9671886651752424,0.8025990099009901,0.09606404269513008
0.4,0.825,0.9748475609756098,0.7914603960396039,0.1057371581054036
0.4,0.85,0.9796875,0.775990099009901,0.11641094062708472
0.4,0.875,0.9815409309791332,0.7568069306930693,0.1277518345563709
0.4,0.9,0.9842845326716294,0.7363861386138614,0.1400933955970647
0.4,0.925,0.9878997407087294,0.7073019801980198,0.15743829219479652
0.4,0.95,0.9918552036199095,0.6782178217821783,0.17478318879252835
0.425,0.5,0.9243208279430789,0.8842821782178217,0.022014676450967312
0.425,0.525,0.9288047028086218,0.879950495049505,0.027018012008005337
0.425,0.55,0.9291338582677166,0.8762376237623762,0.02935290193462308
0.425,0.575,0.9310801855533466,0.869430693069307,0.034356237491661105
0.425,0.6,0.9364973262032086,0.8669554455445545,0.038692461641094064
0.425,0.625,0.9418132611637348,0.8613861386138614,0.04469646430953969
0.425,0.65,0.946611909650924,0.8558168316831684,0.05036691127418279
0.425,0.675,0.9511854951185496,0.844059405940594,0.059372915276851235
0.425,0.7,0.954834156669019,0.8372524752475248,0.06504336224149433
0.425,0.725,0.9584527220630372,0.8279702970297029,0.07204803202134756
0.425,0.75,0.9602601156069365,0.8224009900990099,0.07605070046697798
0.425,0.775,0.9654919236417033,0.8137376237623762,0.08338892595063375
0.425,0.8,0.9671886651752424,0.8025990099009901,0.090393595730487
0.425,0.825,0.9748475609756098,0.7914603960396039,0.1000667111407605
0.425,0.85,0.9796875,0.775990099009901,0.11074049366244162
0.425,0.875,0.9815409309791332,0.7568069306930693,0.12208138759172782
0.425,0.9,0.9842845326716294,0.7363861386138614,0.1344229486324216
0.425,0.925,0.9878997407087294,0.7073019801980198,0.15176784523015344
0.425,0.95,0.9918552036199095,0.6782178217821783,0.16911274182788524
0.45,0.5,0.9243208279430789,0.8842821782178217,0.013675783855903937
0.45,0.525,0.9288047028086218,0.879950495049505,0.018679119412941963
0.45,0.55,0.9291338582677166,0.8762376237623762,0.021014009339559707
0.45,0.575,0.9310801855533466,0.869430693069307,0.02601734489659773
0.45,0.6,0.9364973262032086,0.8669554455445545,0.030353569046030687
0.45,0.625,0.9418132611637348,0.8613861386138614,0.03635757171447632
0.45,0.65,0.946611909650924,0.8558168316831684,0.042028018679119414
0.45,0.675,0.9511854951185496,0.844059405940594,0.05103402268178786
0.45,0.7,0.954834156669019,0.8372524752475248,0.05670446964643095
0.45,0.725,0.9584527220630372,0.8279702970297029,0.06370913942628419
0.45,0.75,0.9602601156069365,0.8224009900990099,0.06771180787191461
0.45,0.775,0.9654919236417033,0.8137376237623762,0.07505003335557038
0.45,0.8,0.9671886651752424,0.8025990099009901,0.08205470313542361
0.45,0.825,0.9748475609756098,0.7914603960396039,0.09172781854569713
0.45,0.85,0.9796875,0.775990099009901,0.10240160106737825
0.45,0.875,0.9815409309791332,0.7568069306930693,0.11374249499666444
0.45,0.9,0.9842845326716294,0.7363861386138614,0.12608405603735823
0.45,0.925,0.9878997407087294,0.7073019801980198,0.14342895263509006
0.45,0.95,0.9918552036199095,0.6782178217821783,0.16077384923282187
0.475,0.525,0.9288047028086218,0.879950495049505,0.011007338225483656
0.475,0.549,0.9291338582677166,0.8762376237623762,0.0133422281521014
0.475,0.572,0.9311714096624751,0.8706683168316832,0.017678452301534357
0.475,0.596,0.9347101932045303,0.8681930693069307,0.021014009339559707
0.475,0.619,0.9406608226567768,0.8632425742574258,0.027018012008005337
0.475,0.643,0.9467213114754098,0.8576732673267327,0.0333555703802535
0.475,0.667,0.9494109494109494,0.8477722772277227,0.04036024016010674
0.475,0.69,0.9536842105263158,0.8409653465346535,0.046364242828552366
0.475,0.714,0.9559032716927454,0.8316831683168316,0.052701801200800535
0.475,0.738,0.9590222861250899,0.8254950495049505,0.05770513675783856
0.475,0.761,0.9657184536834428,0.8193069306930693,0.06437625083388926
0.475,0.785,0.96602658788774,0.8094059405940595,0.07004669779853236
0.475,0.808,0.96996996996997,0.7995049504950495,0.07738492328218813
0.475,0.832,0.97544128933231,0.786509900990099,0.08705803869246165
0.475,0.856,0.9803613511390417,0.7722772277227723,0.0970647098065377
0.475,0.879,0.9814665592264303,0.7537128712871287,0.10773849232821882
0.475,0.903,0.9858096828046744,0.7308168316831684,0.12208138759172782
0.475,0.926,0.9887445887445887,0.7066831683168316,0.13642428285523683
0.475,0.95,0.9918552036199095,0.6782178217821783,0.15310206804536358
0.5,0.55,0.9291338582677166,0.8762376237623762,0.00733822548365577
0.5,0.572,0.9311714096624751,0.8706683168316832,0.011674449633088725
0.5,0.594,0.9347101932045303,0.8681930693069307,0.015010006671114077
0.5,0.617,0.9401076716016151,0.864480198019802,0.0200133422281521
0.5,0.639,0.9447852760736196,0.8576732673267327,0.026350900600400268
0.5,0.661,0.9476223294279807,0.8508663366336634,0.03168779186124083
0.5,0.683,0.9516806722689075,0.8409653465346535,0.03935957304869913
0.5,0.706,0.9553824362606232,0.8347772277227723,0.04469646430953969
0.5,0.728,0.9591397849462365,0.8279702970297029,0.05036691127418279
0.5,0.75,0.9602601156069365,0.8224009900990099,0.054036024016010674
0.5,0.772,0.9655425219941349,0.8149752475247525,0.06070713809206137
0.5,0.794,0.9672131147540983,0.8032178217821783,0.06804536357571714
0.5,0.817,0.9719696969696969,0.7939356435643564,0.07538358905937291
0.5,0.839,0.9775888717156105,0.7827970297029703,0.08405603735823883
0.5,0.861,0.9802527646129542,0.7679455445544554,0.0933955970647098
0.5,0.883,0.9814066289409863,0.7512376237623762,0.10306871247498332
0.5,0.906,0.9866108786610879,0.7295792079207921,0.1170780520346898
0.5,0.928,0.9895561357702349,0.7035891089108911,0.1324216144096064
0.5,0.95,0.9918552036199095,0.6782178217821783,0.14709806537691794
