transform,original_text_len,true_label,orig_pred,transformed_pred,flipped
char_repeat,35,1,1,1,False
char_repeat,129,1,1,1,False
char_repeat,30,1,1,1,False
char_repeat,232,1,1,1,False
char_repeat,65,0,0,0,False
char_repeat,232,1,1,1,False
char_repeat,21,0,0,0,False
char_repeat,180,1,1,1,False
char_repeat,98,1,1,1,False
char_repeat,33,0,1,1,False
char_repeat,997,0,0,0,False
char_repeat,28,0,0,0,False
char_repeat,36,1,1,1,False
char_repeat,233,1,1,1,False
char_repeat,171,1,1,1,False
char_repeat,14,1,0,1,True
char_repeat,36,1,1,1,False
char_repeat,131,0,0,0,False
char_repeat,159,1,1,1,False
char_repeat,246,0,0,0,False
char_repeat,73,1,0,0,False
char_repeat,37,1,1,1,False
char_repeat,34,0,0,1,True
char_repeat,104,1,1,1,False
char_repeat,28,1,1,1,False
char_repeat,47,0,0,0,False
char_repeat,52,0,0,0,False
char_repeat,35,0,0,1,True
char_repeat,104,0,0,0,False
char_repeat,32,1,1,1,False
char_repeat,43,0,0,0,False
char_repeat,30,0,0,1,True
char_repeat,100,1,1,1,False
char_repeat,50,1,1,1,False
char_repeat,86,0,0,0,False
char_repeat,33,1,0,0,False
char_repeat,31,1,1,1,False
char_repeat,29,0,0,0,False
char_repeat,21,1,1,1,False
char_repeat,234,1,1,1,False
char_repeat,58,1,1,1,False
char_repeat,28,0,0,0,False
char_repeat,20,0,0,0,False
char_repeat,46,0,0,0,False
char_repeat,74,0,0,0,False
char_repeat,26,0,0,0,False
char_repeat,21,1,1,1,False
char_repeat,34,0,0,0,False
char_repeat,23,0,0,0,False
char_repeat,63,0,0,0,False
char_repeat,139,1,1,1,False
char_repeat,31,0,0,0,False
char_repeat,110,1,1,1,False
char_repeat,38,0,1,0,True
char_repeat,24,0,1,1,False
char_repeat,122,0,0,0,False
char_repeat,52,0,0,0,False
char_repeat,78,1,1,1,False
char_repeat,232,1,1,1,False
char_repeat,40,1,0,0,False
char_repeat,36,0,0,0,False
char_repeat,18,0,0,0,False
char_repeat,91,1,1,1,False
char_repeat,58,1,1,1,False
char_repeat,232,1,1,1,False
char_repeat,26,1,1,1,False
char_repeat,41,0,0,0,False
char_repeat,157,1,1,1,False
char_repeat,118,0,0,0,False
char_repeat,42,1,1,0,True
char_repeat,57,1,0,0,False
char_repeat,40,0,0,0,False
char_repeat,34,0,0,0,False
char_repeat,26,1,1,1,False
char_repeat,66,0,0,0,False
char_repeat,116,0,0,0,False
char_repeat,23,0,0,1,True
char_repeat,157,1,1,1,False
char_repeat,53,1,1,1,False
char_repeat,31,1,1,1,False
char_repeat,22,0,0,0,False
char_repeat,34,0,0,0,False
char_repeat,77,0,0,0,False
char_repeat,42,0,0,0,False
char_repeat,24,0,0,0,False
char_repeat,41,1,1,1,False
char_repeat,23,0,0,0,False
char_repeat,743,1,1,1,False
char_repeat,150,1,1,1,False
char_repeat,119,1,1,1,False
char_repeat,32,1,1,1,False
char_repeat,54,1,1,1,False
char_repeat,20,1,0,0,False
char_repeat,14,1,1,1,False
char_repeat,22,1,1,1,False
char_repeat,18,1,1,1,False
char_repeat,187,1,1,1,False
char_repeat,94,1,1,1,False
char_repeat,419,0,0,0,False
char_repeat,99,0,0,1,True
char_repeat,383,0,1,0,True
char_repeat,97,1,1,1,False
char_repeat,74,1,1,1,False
char_repeat,756,0,0,0,False
char_repeat,190,0,0,0,False
char_repeat,145,0,0,1,True
char_repeat,137,0,0,0,False
char_repeat,118,0,0,0,False
char_repeat,125,1,1,1,False
char_repeat,22,1,1,1,False
char_repeat,27,1,1,1,False
char_repeat,138,1,1,1,False
char_repeat,67,0,0,0,False
char_repeat,24,0,0,0,False
char_repeat,39,1,1,1,False
char_repeat,69,1,1,1,False
char_repeat,48,1,1,1,False
char_repeat,17,0,0,0,False
char_repeat,257,0,0,0,False
char_repeat,16,1,1,1,False
char_repeat,105,1,1,1,False
char_repeat,38,0,0,0,False
char_repeat,143,1,1,1,False
char_repeat,26,0,0,0,False
char_repeat,232,1,1,1,False
char_repeat,43,1,0,0,False
char_repeat,16,0,0,0,False
char_repeat,56,1,0,0,False
char_repeat,208,0,0,0,False
char_repeat,34,1,1,1,False
char_repeat,58,1,0,1,True
char_repeat,15,1,1,1,False
char_repeat,130,1,1,1,False
char_repeat,17,0,0,0,False
char_repeat,48,0,0,0,False
char_repeat,63,1,0,0,False
char_repeat,74,1,1,1,False
char_repeat,31,0,0,0,False
char_repeat,31,0,0,0,False
char_repeat,42,0,0,0,False
char_repeat,133,1,1,1,False
char_repeat,62,1,0,1,True
char_repeat,75,1,0,0,False
char_repeat,154,1,1,1,False
char_repeat,15,1,1,0,True
char_repeat,26,0,0,1,True
char_repeat,233,1,1,1,False
char_repeat,24,0,0,0,False
char_repeat,44,1,1,1,False
char_repeat,153,0,0,0,False
char_repeat,84,1,1,1,False
char_repeat,54,1,1,0,True
char_repeat,203,1,1,1,False
char_repeat,15,0,0,0,False
char_repeat,21,0,0,0,False
char_repeat,12,0,0,0,False
char_repeat,41,1,1,1,False
char_repeat,128,1,1,1,False
char_repeat,65,0,0,0,False
char_repeat,69,0,0,0,False
char_repeat,94,1,0,0,False
char_repeat,21,0,0,1,True
char_repeat,37,0,0,0,False
char_repeat,124,0,0,0,False
char_repeat,23,0,0,0,False
char_repeat,104,0,0,0,False
char_repeat,32,0,0,0,False
char_repeat,239,1,1,1,False
char_repeat,28,0,1,1,False
char_repeat,32,1,0,0,False
char_repeat,103,0,0,0,False
char_repeat,453,1,0,0,False
char_repeat,376,0,0,0,False
char_repeat,106,1,1,1,False
char_repeat,27,0,0,0,False
char_repeat,34,0,0,0,False
char_repeat,61,0,0,0,False
char_repeat,73,1,1,1,False
char_repeat,77,1,0,0,False
char_repeat,32,1,1,1,False
char_repeat,141,1,1,1,False
char_repeat,151,1,1,1,False
char_repeat,22,1,1,1,False
char_repeat,87,1,1,1,False
char_repeat,53,1,1,1,False
char_repeat,15,0,0,0,False
char_repeat,128,1,1,1,False
char_repeat,324,0,0,0,False
char_repeat,17,1,1,1,False
char_repeat,43,1,1,1,False
char_repeat,131,1,1,1,False
char_repeat,57,1,1,0,True
char_repeat,57,0,0,0,False
char_repeat,22,1,1,1,False
char_repeat,39,0,0,0,False
char_repeat,25,0,1,1,False
char_repeat,235,1,1,1,False
char_repeat,36,0,0,0,False
char_repeat,55,0,0,0,False
char_repeat,24,0,0,0,False
extra_spacing,35,1,1,0,True
extra_spacing,129,1,1,1,False
extra_spacing,30,1,1,0,True
extra_spacing,232,1,1,1,False
extra_spacing,65,0,0,0,False
extra_spacing,232,1,1,1,False
extra_spacing,21,0,0,0,False
extra_spacing,180,1,1,1,False
extra_spacing,98,1,1,1,False
extra_spacing,33,0,1,1,False
extra_spacing,997,0,0,0,False
extra_spacing,28,0,0,0,False
extra_spacing,36,1,1,1,False
extra_spacing,233,1,1,1,False
extra_spacing,171,1,1,1,False
extra_spacing,14,1,0,1,True
extra_spacing,36,1,1,1,False
extra_spacing,131,0,0,0,False
extra_spacing,159,1,1,1,False
extra_spacing,246,0,0,0,False
extra_spacing,73,1,0,0,False
extra_spacing,37,1,1,0,True
extra_spacing,34,0,0,1,True
extra_spacing,104,1,1,1,False
extra_spacing,28,1,1,1,False
extra_spacing,47,0,0,0,False
extra_spacing,52,0,0,0,False
extra_spacing,35,0,0,0,False
extra_spacing,104,0,0,0,False
extra_spacing,32,1,1,1,False
extra_spacing,43,0,0,0,False
extra_spacing,30,0,0,1,True
extra_spacing,100,1,1,1,False
extra_spacing,50,1,1,1,False
extra_spacing,86,0,0,0,False
extra_spacing,33,1,0,0,False
extra_spacing,31,1,1,1,False
extra_spacing,29,0,0,0,False
extra_spacing,21,1,1,1,False
extra_spacing,234,1,1,1,False
extra_spacing,58,1,1,1,False
extra_spacing,28,0,0,0,False
extra_spacing,20,0,0,0,False
extra_spacing,46,0,0,0,False
extra_spacing,74,0,0,0,False
extra_spacing,26,0,0,0,False
extra_spacing,21,1,1,1,False
extra_spacing,34,0,0,0,False
extra_spacing,23,0,0,0,False
extra_spacing,63,0,0,0,False
extra_spacing,139,1,1,1,False
extra_spacing,31,0,0,0,False
extra_spacing,110,1,1,1,False
extra_spacing,38,0,1,0,True
extra_spacing,24,0,1,0,True
extra_spacing,122,0,0,0,False
extra_spacing,52,0,0,0,False
extra_spacing,78,1,1,1,False
extra_spacing,232,1,1,1,False
extra_spacing,40,1,0,0,False
extra_spacing,36,0,0,0,False
extra_spacing,18,0,0,0,False
extra_spacing,91,1,1,1,False
extra_spacing,58,1,1,1,False
extra_spacing,232,1,1,1,False
extra_spacing,26,1,1,1,False
extra_spacing,41,0,0,0,False
extra_spacing,157,1,1,1,False
extra_spacing,118,0,0,0,False
extra_spacing,42,1,1,1,False
extra_spacing,57,1,0,0,False
extra_spacing,40,0,0,0,False
extra_spacing,34,0,0,0,False
extra_spacing,26,1,1,1,False
extra_spacing,66,0,0,0,False
extra_spacing,116,0,0,0,False
extra_spacing,23,0,0,0,False
extra_spacing,157,1,1,1,False
extra_spacing,53,1,1,1,False
extra_spacing,31,1,1,0,True
extra_spacing,22,0,0,0,False
extra_spacing,34,0,0,0,False
extra_spacing,77,0,0,0,False
extra_spacing,42,0,0,0,False
extra_spacing,24,0,0,0,False
extra_spacing,41,1,1,1,False
extra_spacing,23,0,0,0,False
extra_spacing,743,1,1,1,False
extra_spacing,150,1,1,1,False
extra_spacing,119,1,1,1,False
extra_spacing,32,1,1,1,False
extra_spacing,54,1,1,1,False
extra_spacing,20,1,0,0,False
extra_spacing,14,1,1,1,False
extra_spacing,22,1,1,1,False
extra_spacing,18,1,1,0,True
extra_spacing,187,1,1,1,False
extra_spacing,94,1,1,1,False
extra_spacing,419,0,0,0,False
extra_spacing,99,0,0,0,False
extra_spacing,383,0,1,1,False
extra_spacing,97,1,1,1,False
extra_spacing,74,1,1,1,False
extra_spacing,756,0,0,0,False
extra_spacing,190,0,0,0,False
extra_spacing,145,0,0,0,False
extra_spacing,137,0,0,0,False
extra_spacing,118,0,0,0,False
extra_spacing,125,1,1,1,False
extra_spacing,22,1,1,1,False
extra_spacing,27,1,1,1,False
extra_spacing,138,1,1,1,False
extra_spacing,67,0,0,0,False
extra_spacing,24,0,0,1,True
extra_spacing,39,1,1,0,True
extra_spacing,69,1,1,1,False
extra_spacing,48,1,1,1,False
extra_spacing,17,0,0,0,False
extra_spacing,257,0,0,0,False
extra_spacing,16,1,1,1,False
extra_spacing,105,1,1,1,False
extra_spacing,38,0,0,0,False
extra_spacing,143,1,1,1,False
extra_spacing,26,0,0,0,False
extra_spacing,232,1,1,1,False
extra_spacing,43,1,0,0,False
extra_spacing,16,0,0,0,False
extra_spacing,56,1,0,0,False
extra_spacing,208,0,0,0,False
extra_spacing,34,1,1,0,True
extra_spacing,58,1,0,0,False
extra_spacing,15,1,1,1,False
extra_spacing,130,1,1,1,False
extra_spacing,17,0,0,0,False
extra_spacing,48,0,0,0,False
extra_spacing,63,1,0,0,False
extra_spacing,74,1,1,1,False
extra_spacing,31,0,0,0,False
extra_spacing,31,0,0,0,False
extra_spacing,42,0,0,0,False
extra_spacing,133,1,1,1,False
extra_spacing,62,1,0,0,False
extra_spacing,75,1,0,0,False
extra_spacing,154,1,1,1,False
extra_spacing,15,1,1,1,False
extra_spacing,26,0,0,1,True
extra_spacing,233,1,1,1,False
extra_spacing,24,0,0,0,False
extra_spacing,44,1,1,1,False
extra_spacing,153,0,0,0,False
extra_spacing,84,1,1,1,False
extra_spacing,54,1,1,1,False
extra_spacing,203,1,1,1,False
extra_spacing,15,0,0,0,False
extra_spacing,21,0,0,0,False
extra_spacing,12,0,0,0,False
extra_spacing,41,1,1,1,False
extra_spacing,128,1,1,1,False
extra_spacing,65,0,0,0,False
extra_spacing,69,0,0,0,False
extra_spacing,94,1,0,0,False
extra_spacing,21,0,0,1,True
extra_spacing,37,0,0,0,False
extra_spacing,124,0,0,0,False
extra_spacing,23,0,0,0,False
extra_spacing,104,0,0,0,False
extra_spacing,32,0,0,0,False
extra_spacing,239,1,1,1,False
extra_spacing,28,0,1,1,False
extra_spacing,32,1,0,0,False
extra_spacing,103,0,0,0,False
extra_spacing,453,1,0,0,False
extra_spacing,376,0,0,0,False
extra_spacing,106,1,1,1,False
extra_spacing,27,0,0,0,False
extra_spacing,34,0,0,0,False
extra_spacing,61,0,0,0,False
extra_spacing,73,1,1,1,False
extra_spacing,77,1,0,0,False
extra_spacing,32,1,1,0,True
extra_spacing,141,1,1,1,False
extra_spacing,151,1,1,1,False
extra_spacing,22,1,1,0,True
extra_spacing,87,1,1,1,False
extra_spacing,53,1,1,1,False
extra_spacing,15,0,0,0,False
extra_spacing,128,1,1,1,False
extra_spacing,324,0,0,0,False
extra_spacing,17,1,1,1,False
extra_spacing,43,1,1,1,False
extra_spacing,131,1,1,1,False
extra_spacing,57,1,1,1,False
extra_spacing,57,0,0,0,False
extra_spacing,22,1,1,0,True
extra_spacing,39,0,0,0,False
extra_spacing,25,0,1,1,False
extra_spacing,235,1,1,1,False
extra_spacing,36,0,0,0,False
extra_spacing,55,0,0,0,False
extra_spacing,24,0,0,0,False
emoji_insert,35,1,1,1,False
emoji_insert,129,1,1,1,False
emoji_insert,30,1,1,1,False
emoji_insert,232,1,1,1,False
emoji_insert,65,0,0,0,False
emoji_insert,232,1,1,1,False
emoji_insert,21,0,0,0,False
emoji_insert,180,1,1,1,False
emoji_insert,98,1,1,1,False
emoji_insert,33,0,1,1,False
emoji_insert,997,0,0,0,False
emoji_insert,28,0,0,0,False
emoji_insert,36,1,1,1,False
emoji_insert,233,1,1,1,False
emoji_insert,171,1,1,1,False
emoji_insert,14,1,0,0,False
emoji_insert,36,1,1,1,False
emoji_insert,131,0,0,0,False
emoji_insert,159,1,1,1,False
emoji_insert,246,0,0,0,False
emoji_insert,73,1,0,0,False
emoji_insert,37,1,1,1,False
emoji_insert,34,0,0,0,False
emoji_insert,104,1,1,1,False
emoji_insert,28,1,1,1,False
emoji_insert,47,0,0,0,False
emoji_insert,52,0,0,0,False
emoji_insert,35,0,0,0,False
emoji_insert,104,0,0,0,False
emoji_insert,32,1,1,1,False
emoji_insert,43,0,0,0,False
emoji_insert,30,0,0,0,False
emoji_insert,100,1,1,1,False
emoji_insert,50,1,1,1,False
emoji_insert,86,0,0,0,False
emoji_insert,33,1,0,0,False
emoji_insert,31,1,1,1,False
emoji_insert,29,0,0,0,False
emoji_insert,21,1,1,1,False
emoji_insert,234,1,1,1,False
emoji_insert,58,1,1,1,False
emoji_insert,28,0,0,0,False
emoji_insert,20,0,0,0,False
emoji_insert,46,0,0,0,False
emoji_insert,74,0,0,0,False
emoji_insert,26,0,0,0,False
emoji_insert,21,1,1,1,False
emoji_insert,34,0,0,0,False
emoji_insert,23,0,0,0,False
emoji_insert,63,0,0,0,False
emoji_insert,139,1,1,1,False
emoji_insert,31,0,0,0,False
emoji_insert,110,1,1,1,False
emoji_insert,38,0,1,1,False
emoji_insert,24,0,1,1,False
emoji_insert,122,0,0,0,False
emoji_insert,52,0,0,0,False
emoji_insert,78,1,1,1,False
emoji_insert,232,1,1,1,False
emoji_insert,40,1,0,0,False
emoji_insert,36,0,0,0,False
emoji_insert,18,0,0,0,False
emoji_insert,91,1,1,1,False
emoji_insert,58,1,1,1,False
emoji_insert,232,1,1,1,False
emoji_insert,26,1,1,1,False
emoji_insert,41,0,0,0,False
emoji_insert,157,1,1,1,False
emoji_insert,118,0,0,0,False
emoji_insert,42,1,1,1,False
emoji_insert,57,1,0,0,False
emoji_insert,40,0,0,0,False
emoji_insert,34,0,0,0,False
emoji_insert,26,1,1,1,False
emoji_insert,66,0,0,0,False
emoji_insert,116,0,0,0,False
emoji_insert,23,0,0,0,False
emoji_insert,157,1,1,1,False
emoji_insert,53,1,1,1,False
emoji_insert,31,1,1,1,False
emoji_insert,22,0,0,0,False
emoji_insert,34,0,0,0,False
emoji_insert,77,0,0,0,False
emoji_insert,42,0,0,0,False
emoji_insert,24,0,0,0,False
emoji_insert,41,1,1,1,False
emoji_insert,23,0,0,0,False
emoji_insert,743,1,1,1,False
emoji_insert,150,1,1,1,False
emoji_insert,119,1,1,1,False
emoji_insert,32,1,1,1,False
emoji_insert,54,1,1,1,False
emoji_insert,20,1,0,0,False
emoji_insert,14,1,1,1,False
emoji_insert,22,1,1,1,False
emoji_insert,18,1,1,1,False
emoji_insert,187,1,1,1,False
emoji_insert,94,1,1,1,False
emoji_insert,419,0,0,0,False
emoji_insert,99,0,0,0,False
emoji_insert,383,0,1,1,False
emoji_insert,97,1,1,1,False
emoji_insert,74,1,1,1,False
emoji_insert,756,0,0,0,False
emoji_insert,190,0,0,0,False
emoji_insert,145,0,0,0,False
emoji_insert,137,0,0,0,False
emoji_insert,118,0,0,0,False
emoji_insert,125,1,1,1,False
emoji_insert,22,1,1,1,False
emoji_insert,27,1,1,1,False
emoji_insert,138,1,1,1,False
emoji_insert,67,0,0,0,False
emoji_insert,24,0,0,0,False
emoji_insert,39,1,1,1,False
emoji_insert,69,1,1,1,False
emoji_insert,48,1,1,1,False
emoji_insert,17,0,0,0,False
emoji_insert,257,0,0,0,False
emoji_insert,16,1,1,1,False
emoji_insert,105,1,1,1,False
emoji_insert,38,0,0,0,False
emoji_insert,143,1,1,1,False
emoji_insert,26,0,0,0,False
emoji_insert,232,1,1,1,False
emoji_insert,43,1,0,0,False
emoji_insert,16,0,0,0,False
emoji_insert,56,1,0,0,False
emoji_insert,208,0,0,0,False
emoji_insert,34,1,1,1,False
emoji_insert,58,1,0,0,False
emoji_insert,15,1,1,1,False
emoji_insert,130,1,1,1,False
emoji_insert,17,0,0,0,False
emoji_insert,48,0,0,0,False
emoji_insert,63,1,0,0,False
emoji_insert,74,1,1,1,False
emoji_insert,31,0,0,0,False
emoji_insert,31,0,0,0,False
emoji_insert,42,0,0,0,False
emoji_insert,133,1,1,1,False
emoji_insert,62,1,0,0,False
emoji_insert,75,1,0,0,False
emoji_insert,154,1,1,1,False
emoji_insert,15,1,1,1,False
emoji_insert,26,0,0,0,False
emoji_insert,233,1,1,1,False
emoji_insert,24,0,0,0,False
emoji_insert,44,1,1,1,False
emoji_insert,153,0,0,0,False
emoji_insert,84,1,1,1,False
emoji_insert,54,1,1,1,False
emoji_insert,203,1,1,1,False
emoji_insert,15,0,0,0,False
emoji_insert,21,0,0,0,False
emoji_insert,12,0,0,0,False
emoji_insert,41,1,1,1,False
emoji_insert,128,1,1,1,False
emoji_insert,65,0,0,0,False
emoji_insert,69,0,0,0,False
emoji_insert,94,1,0,0,False
emoji_insert,21,0,0,0,False
emoji_insert,37,0,0,0,False
emoji_insert,124,0,0,0,False
emoji_insert,23,0,0,0,False
emoji_insert,104,0,0,0,False
emoji_insert,32,0,0,0,False
emoji_insert,239,1,1,1,False
emoji_insert,28,0,1,1,False
emoji_insert,32,1,0,0,False
emoji_insert,103,0,0,0,False
emoji_insert,453,1,0,0,False
emoji_insert,376,0,0,0,False
emoji_insert,106,1,1,1,False
emoji_insert,27,0,0,0,False
emoji_insert,34,0,0,0,False
emoji_insert,61,0,0,0,False
emoji_insert,73,1,1,1,False
emoji_insert,77,1,0,0,False
emoji_insert,32,1,1,1,False
emoji_insert,141,1,1,1,False
emoji_insert,151,1,1,1,False
emoji_insert,22,1,1,1,False
emoji_insert,87,1,1,1,False
emoji_insert,53,1,1,1,False
emoji_insert,15,0,0,0,False
emoji_insert,128,1,1,1,False
emoji_insert,324,0,0,0,False
emoji_insert,17,1,1,1,False
emoji_insert,43,1,1,1,False
emoji_insert,131,1,1,1,False
emoji_insert,57,1,1,1,False
emoji_insert,57,0,0,0,False
emoji_insert,22,1,1,1,False
emoji_insert,39,0,0,0,False
emoji_insert,25,0,1,1,False
emoji_insert,235,1,1,1,False
emoji_insert,36,0,0,0,False
emoji_insert,55,0,0,0,False
emoji_insert,24,0,0,0,False
punctuation_insert,35,1,1,1,False
punctuation_insert,129,1,1,1,False
punctuation_insert,30,1,1,1,False
punctuation_insert,232,1,1,1,False
punctuation_insert,65,0,0,0,False
punctuation_insert,232,1,1,1,False
punctuation_insert,21,0,0,0,False
punctuation_insert,180,1,1,1,False
punctuation_insert,98,1,1,1,False
punctuation_insert,33,0,1,1,False
punctuation_insert,997,0,0,0,False
punctuation_insert,28,0,0,0,False
punctuation_insert,36,1,1,1,False
punctuation_insert,233,1,1,1,False
punctuation_insert,171,1,1,1,False
punctuation_insert,14,1,0,0,False
punctuation_insert,36,1,1,1,False
punctuation_insert,131,0,0,0,False
punctuation_insert,159,1,1,1,False
punctuation_insert,246,0,0,0,False
punctuation_insert,73,1,0,0,False
punctuation_insert,37,1,1,1,False
punctuation_insert,34,0,0,0,False
punctuation_insert,104,1,1,1,False
punctuation_insert,28,1,1,1,False
punctuation_insert,47,0,0,0,False
punctuation_insert,52,0,0,0,False
punctuation_insert,35,0,0,0,False
punctuation_insert,104,0,0,0,False
punctuation_insert,32,1,1,1,False
punctuation_insert,43,0,0,0,False
punctuation_insert,30,0,0,0,False
punctuation_insert,100,1,1,1,False
punctuation_insert,50,1,1,1,False
punctuation_insert,86,0,0,0,False
punctuation_insert,33,1,0,1,True
punctuation_insert,31,1,1,1,False
punctuation_insert,29,0,0,0,False
punctuation_insert,21,1,1,1,False
punctuation_insert,234,1,1,1,False
punctuation_insert,58,1,1,1,False
punctuation_insert,28,0,0,0,False
punctuation_insert,20,0,0,0,False
punctuation_insert,46,0,0,0,False
punctuation_insert,74,0,0,0,False
punctuation_insert,26,0,0,0,False
punctuation_insert,21,1,1,1,False
punctuation_insert,34,0,0,0,False
punctuation_insert,23,0,0,0,False
punctuation_insert,63,0,0,0,False
punctuation_insert,139,1,1,1,False
punctuation_insert,31,0,0,0,False
punctuation_insert,110,1,1,1,False
punctuation_insert,38,0,1,1,False
punctuation_insert,24,0,1,1,False
punctuation_insert,122,0,0,0,False
punctuation_insert,52,0,0,0,False
punctuation_insert,78,1,1,1,False
punctuation_insert,232,1,1,1,False
punctuation_insert,40,1,0,0,False
punctuation_insert,36,0,0,0,False
punctuation_insert,18,0,0,0,False
punctuation_insert,91,1,1,1,False
punctuation_insert,58,1,1,1,False
punctuation_insert,232,1,1,1,False
punctuation_insert,26,1,1,1,False
punctuation_insert,41,0,0,0,False
punctuation_insert,157,1,1,1,False
punctuation_insert,118,0,0,0,False
punctuation_insert,42,1,1,1,False
punctuation_insert,57,1,0,0,False
punctuation_insert,40,0,0,0,False
punctuation_insert,34,0,0,0,False
punctuation_insert,26,1,1,1,False
punctuation_insert,66,0,0,0,False
punctuation_insert,116,0,0,0,False
punctuation_insert,23,0,0,0,False
punctuation_insert,157,1,1,1,False
punctuation_insert,53,1,1,1,False
punctuation_insert,31,1,1,1,False
punctuation_insert,22,0,0,0,False
punctuation_insert,34,0,0,0,False
punctuation_insert,77,0,0,0,False
punctuation_insert,42,0,0,0,False
punctuation_insert,24,0,0,0,False
punctuation_insert,41,1,1,0,True
punctuation_insert,23,0,0,0,False
punctuation_insert,743,1,1,1,False
punctuation_insert,150,1,1,1,False
punctuation_insert,119,1,1,1,False
punctuation_insert,32,1,1,1,False
punctuation_insert,54,1,1,1,False
punctuation_insert,20,1,0,0,False
punctuation_insert,14,1,1,1,False
punctuation_insert,22,1,1,1,False
punctuation_insert,18,1,1,1,False
punctuation_insert,187,1,1,1,False
punctuation_insert,94,1,1,1,False
punctuation_insert,419,0,0,0,False
punctuation_insert,99,0,0,0,False
punctuation_insert,383,0,1,1,False
punctuation_insert,97,1,1,1,False
punctuation_insert,74,1,1,1,False
punctuation_insert,756,0,0,0,False
punctuation_insert,190,0,0,0,False
punctuation_insert,145,0,0,0,False
punctuation_insert,137,0,0,0,False
punctuation_insert,118,0,0,0,False
punctuation_insert,125,1,1,1,False
punctuation_insert,22,1,1,1,False
punctuation_insert,27,1,1,1,False
punctuation_insert,138,1,1,1,False
punctuation_insert,67,0,0,0,False
punctuation_insert,24,0,0,0,False
punctuation_insert,39,1,1,1,False
punctuation_insert,69,1,1,1,False
punctuation_insert,48,1,1,1,False
punctuation_insert,17,0,0,0,False
punctuation_insert,257,0,0,0,False
punctuation_insert,16,1,1,1,False
punctuation_insert,105,1,1,1,False
punctuation_insert,38,0,0,0,False
punctuation_insert,143,1,1,1,False
punctuation_insert,26,0,0,0,False
punctuation_insert,232,1,1,1,False
punctuation_insert,43,1,0,0,False
punctuation_insert,16,0,0,0,False
punctuation_insert,56,1,0,0,False
punctuation_insert,208,0,0,0,False
punctuation_insert,34,1,1,1,False
punctuation_insert,58,1,0,0,False
punctuation_insert,15,1,1,1,False
punctuation_insert,130,1,1,1,False
punctuation_insert,17,0,0,0,False
punctuation_insert,48,0,0,0,False
punctuation_insert,63,1,0,0,False
punctuation_insert,74,1,1,1,False
punctuation_insert,31,0,0,0,False
punctuation_insert,31,0,0,0,False
punctuation_insert,42,0,0,0,False
punctuation_insert,133,1,1,1,False
punctuation_insert,62,1,0,0,False
punctuation_insert,75,1,0,0,False
punctuation_insert,154,1,1,1,False
punctuation_insert,15,1,1,1,False
punctuation_insert,26,0,0,0,False
punctuation_insert,233,1,1,1,False
punctuation_insert,24,0,0,0,False
punctuation_insert,44,1,1,1,False
punctuation_insert,153,0,0,0,False
punctuation_insert,84,1,1,1,False
punctuation_insert,54,1,1,1,False
punctuation_insert,203,1,1,1,False
punctuation_insert,15,0,0,0,False
punctuation_insert,21,0,0,0,False
punctuation_insert,12,0,0,0,False
punctuation_insert,41,1,1,1,False
punctuation_insert,128,1,1,1,False
punctuation_insert,65,0,0,0,False
punctuation_insert,69,0,0,0,False
punctuation_insert,94,1,0,0,False
punctuation_insert,21,0,0,0,False
punctuation_insert,37,0,0,0,False
punctuation_insert,124,0,0,0,False
punctuation_insert,23,0,0,0,False
punctuation_insert,104,0,0,0,False
punctuation_insert,32,0,0,0,False
punctuation_insert,239,1,1,1,False
punctuation_insert,28,0,1,1,False
punctuation_insert,32,1,0,0,False
punctuation_insert,103,0,0,0,False
punctuation_insert,453,1,0,0,False
punctuation_insert,376,0,0,0,False
punctuation_insert,106,1,1,1,False
punctuation_insert,27,0,0,0,False
punctuation_insert,34,0,0,0,False
punctuation_insert,61,0,0,0,False
punctuation_insert,73,1,1,1,False
punctuation_insert,77,1,0,0,False
punctuation_insert,32,1,1,1,False
punctuation_insert,141,1,1,1,False
punctuation_insert,151,1,1,1,False
punctuation_insert,22,1,1,1,False
punctuation_insert,87,1,1,1,False
punctuation_insert,53,1,1,1,False
punctuation_insert,15,0,0,0,False
punctuation_insert,128,1,1,1,False
punctuation_insert,324,0,0,0,False
punctuation_insert,17,1,1,1,False
punctuation_insert,43,1,1,1,False
punctuation_insert,131,1,1,1,False
punctuation_insert,57,1,1,1,False
punctuation_insert,57,0,0,0,False
punctuation_insert,22,1,1,1,False
punctuation_insert,39,0,0,0,False
punctuation_insert,25,0,1,1,False
punctuation_insert,235,1,1,1,False
punctuation_insert,36,0,0,0,False
punctuation_insert,55,0,0,0,False
punctuation_insert,24,0,0,0,False
capitalization,35,1,1,1,False
capitalization,129,1,1,1,False
capitalization,30,1,1,1,False
capitalization,232,1,1,1,False
capitalization,65,0,0,0,False
capitalization,232,1,1,1,False
capitalization,21,0,0,0,False
capitalization,180,1,1,1,False
capitalization,98,1,1,1,False
capitalization,33,0,1,1,False
capitalization,997,0,0,0,False
capitalization,28,0,0,0,False
capitalization,36,1,1,1,False
capitalization,233,1,1,1,False
capitalization,171,1,1,1,False
capitalization,14,1,0,0,False
capitalization,36,1,1,1,False
capitalization,131,0,0,0,False
capitalization,159,1,1,1,False
capitalization,246,0,0,0,False
capitalization,73,1,0,0,False
capitalization,37,1,1,1,False
capitalization,34,0,0,0,False
capitalization,104,1,1,1,False
capitalization,28,1,1,1,False
capitalization,47,0,0,0,False
capitalization,52,0,0,0,False
capitalization,35,0,0,0,False
capitalization,104,0,0,0,False
capitalization,32,1,1,1,False
capitalization,43,0,0,0,False
capitalization,30,0,0,0,False
capitalization,100,1,1,1,False
capitalization,50,1,1,1,False
capitalization,86,0,0,0,False
capitalization,33,1,0,0,False
capitalization,31,1,1,1,False
capitalization,29,0,0,0,False
capitalization,21,1,1,1,False
capitalization,234,1,1,1,False
capitalization,58,1,1,0,True
capitalization,28,0,0,0,False
capitalization,20,0,0,0,False
capitalization,46,0,0,0,False
capitalization,74,0,0,0,False
capitalization,26,0,0,0,False
capitalization,21,1,1,1,False
capitalization,34,0,0,0,False
capitalization,23,0,0,0,False
capitalization,63,0,0,0,False
capitalization,139,1,1,1,False
capitalization,31,0,0,0,False
capitalization,110,1,1,1,False
capitalization,38,0,1,1,False
capitalization,24,0,1,1,False
capitalization,122,0,0,0,False
capitalization,52,0,0,0,False
capitalization,78,1,1,1,False
capitalization,232,1,1,1,False
capitalization,40,1,0,0,False
capitalization,36,0,0,0,False
capitalization,18,0,0,0,False
capitalization,91,1,1,1,False
capitalization,58,1,1,1,False
capitalization,232,1,1,1,False
capitalization,26,1,1,1,False
capitalization,41,0,0,0,False
capitalization,157,1,1,1,False
capitalization,118,0,0,0,False
capitalization,42,1,1,1,False
capitalization,57,1,0,0,False
capitalization,40,0,0,0,False
capitalization,34,0,0,0,False
capitalization,26,1,1,1,False
capitalization,66,0,0,0,False
capitalization,116,0,0,0,False
capitalization,23,0,0,0,False
capitalization,157,1,1,1,False
capitalization,53,1,1,1,False
capitalization,31,1,1,1,False
capitalization,22,0,0,0,False
capitalization,34,0,0,0,False
capitalization,77,0,0,0,False
capitalization,42,0,0,0,False
capitalization,24,0,0,0,False
capitalization,41,1,1,1,False
capitalization,23,0,0,0,False
capitalization,743,1,1,1,False
capitalization,150,1,1,1,False
capitalization,119,1,1,1,False
capitalization,32,1,1,1,False
capitalization,54,1,1,1,False
capitalization,20,1,0,0,False
capitalization,14,1,1,1,False
capitalization,22,1,1,1,False
capitalization,18,1,1,1,False
capitalization,187,1,1,1,False
capitalization,94,1,1,1,False
capitalization,419,0,0,0,False
capitalization,99,0,0,0,False
capitalization,383,0,1,1,False
capitalization,97,1,1,1,False
capitalization,74,1,1,1,False
capitalization,756,0,0,0,False
capitalization,190,0,0,0,False
capitalization,145,0,0,0,False
capitalization,137,0,0,0,False
capitalization,118,0,0,0,False
capitalization,125,1,1,1,False
capitalization,22,1,1,1,False
capitalization,27,1,1,1,False
capitalization,138,1,1,1,False
capitalization,67,0,0,0,False
capitalization,24,0,0,0,False
capitalization,39,1,1,1,False
capitalization,69,1,1,1,False
capitalization,48,1,1,1,False
capitalization,17,0,0,0,False
capitalization,257,0,0,0,False
capitalization,16,1,1,1,False
capitalization,105,1,1,1,False
capitalization,38,0,0,0,False
capitalization,143,1,1,1,False
capitalization,26,0,0,0,False
capitalization,232,1,1,1,False
capitalization,43,1,0,0,False
capitalization,16,0,0,0,False
capitalization,56,1,0,0,False
capitalization,208,0,0,0,False
capitalization,34,1,1,1,False
capitalization,58,1,0,0,False
capitalization,15,1,1,1,False
capitalization,130,1,1,1,False
capitalization,17,0,0,0,False
capitalization,48,0,0,0,False
capitalization,63,1,0,0,False
capitalization,74,1,1,1,False
capitalization,31,0,0,0,False
capitalization,31,0,0,0,False
capitalization,42,0,0,0,False
capitalization,133,1,1,1,False
capitalization,62,1,0,0,False
capitalization,75,1,0,0,False
capitalization,154,1,1,1,False
capitalization,15,1,1,1,False
capitalization,26,0,0,0,False
capitalization,233,1,1,1,False
capitalization,24,0,0,0,False
capitalization,44,1,1,1,False
capitalization,153,0,0,0,False
capitalization,84,1,1,1,False
capitalization,54,1,1,1,False
capitalization,203,1,1,1,False
capitalization,15,0,0,0,False
capitalization,21,0,0,0,False
capitalization,12,0,0,0,False
capitalization,41,1,1,1,False
capitalization,128,1,1,1,False
capitalization,65,0,0,0,False
capitalization,69,0,0,0,False
capitalization,94,1,0,0,False
capitalization,21,0,0,0,False
capitalization,37,0,0,0,False
capitalization,124,0,0,0,False
capitalization,23,0,0,0,False
capitalization,104,0,0,0,False
capitalization,32,0,0,0,False
capitalization,239,1,1,1,False
capitalization,28,0,1,1,False
capitalization,32,1,0,0,False
capitalization,103,0,0,0,False
capitalization,453,1,0,0,False
capitalization,376,0,0,0,False
capitalization,106,1,1,1,False
capitalization,27,0,0,0,False
capitalization,34,0,0,0,False
capitalization,61,0,0,0,False
capitalization,73,1,1,1,False
capitalization,77,1,0,0,False
capitalization,32,1,1,1,False
capitalization,141,1,1,1,False
capitalization,151,1,1,1,False
capitalization,22,1,1,1,False
capitalization,87,1,1,1,False
capitalization,53,1,1,1,False
capitalization,15,0,0,0,False
capitalization,128,1,1,1,False
capitalization,324,0,0,0,False
capitalization,17,1,1,1,False
capitalization,43,1,1,1,False
capitalization,131,1,1,1,False
capitalization,57,1,1,1,False
capitalization,57,0,0,0,False
capitalization,22,1,1,1,False
capitalization,39,0,0,0,False
capitalization,25,0,1,1,False
capitalization,235,1,1,1,False
capitalization,36,0,0,0,False
capitalization,55,0,0,0,False
capitalization,24,0,0,0,False
number_substitution,35,1,1,1,False
number_substitution,129,1,1,1,False
number_substitution,30,1,1,1,False
number_substitution,232,1,1,1,False
number_substitution,65,0,0,0,False
number_substitution,232,1,1,1,False
number_substitution,21,0,0,0,False
number_substitution,180,1,1,1,False
number_substitution,98,1,1,1,False
number_substitution,33,0,1,1,False
number_substitution,997,0,0,0,False
number_substitution,28,0,0,0,False
number_substitution,36,1,1,1,False
number_substitution,233,1,1,1,False
number_substitution,171,1,1,1,False
number_substitution,14,1,0,0,False
number_substitution,36,1,1,1,False
number_substitution,131,0,0,0,False
number_substitution,159,1,1,1,False
number_substitution,246,0,0,0,False
number_substitution,73,1,0,0,False
number_substitution,37,1,1,1,False
number_substitution,34,0,0,0,False
number_substitution,104,1,1,1,False
number_substitution,28,1,1,1,False
number_substitution,47,0,0,0,False
number_substitution,52,0,0,0,False
number_substitution,35,0,0,0,False
number_substitution,104,0,0,0,False
number_substitution,32,1,1,1,False
number_substitution,43,0,0,0,False
number_substitution,30,0,0,0,False
number_substitution,100,1,1,1,False
number_substitution,50,1,1,1,False
number_substitution,86,0,0,0,False
number_substitution,33,1,0,0,False
number_substitution,31,1,1,1,False
number_substitution,29,0,0,0,False
number_substitution,21,1,1,1,False
number_substitution,234,1,1,1,False
number_substitution,58,1,1,1,False
number_substitution,28,0,0,0,False
number_substitution,20,0,0,0,False
number_substitution,46,0,0,0,False
number_substitution,74,0,0,0,False
number_substitution,26,0,0,0,False
number_substitution,21,1,1,1,False
number_substitution,34,0,0,0,False
number_substitution,23,0,0,0,False
number_substitution,63,0,0,0,False
number_substitution,139,1,1,1,False
number_substitution,31,0,0,0,False
number_substitution,110,1,1,1,False
number_substitution,38,0,1,1,False
number_substitution,24,0,1,1,False
number_substitution,122,0,0,0,False
number_substitution,52,0,0,0,False
number_substitution,78,1,1,1,False
number_substitution,232,1,1,1,False
number_substitution,40,1,0,0,False
number_substitution,36,0,0,0,False
number_substitution,18,0,0,0,False
number_substitution,91,1,1,1,False
number_substitution,58,1,1,1,False
number_substitution,232,1,1,1,False
number_substitution,26,1,1,1,False
number_substitution,41,0,0,0,False
number_substitution,157,1,1,1,False
number_substitution,118,0,0,0,False
number_substitution,42,1,1,1,False
number_substitution,57,1,0,0,False
number_substitution,40,0,0,0,False
number_substitution,34,0,0,0,False
number_substitution,26,1,1,1,False
number_substitution,66,0,0,0,False
number_substitution,116,0,0,0,False
number_substitution,23,0,0,0,False
number_substitution,157,1,1,1,False
number_substitution,53,1,1,1,False
number_substitution,31,1,1,1,False
number_substitution,22,0,0,0,False
number_substitution,34,0,0,0,False
number_substitution,77,0,0,0,False
number_substitution,42,0,0,0,False
number_substitution,24,0,0,0,False
number_substitution,41,1,1,0,True
number_substitution,23,0,0,0,False
number_substitution,743,1,1,1,False
number_substitution,150,1,1,1,False
number_substitution,119,1,1,1,False
number_substitution,32,1,1,1,False
number_substitution,54,1,1,1,False
number_substitution,20,1,0,0,False
number_substitution,14,1,1,1,False
number_substitution,22,1,1,1,False
number_substitution,18,1,1,1,False
number_substitution,187,1,1,1,False
number_substitution,94,1,1,1,False
number_substitution,419,0,0,0,False
number_substitution,99,0,0,1,True
number_substitution,383,0,1,1,False
number_substitution,97,1,1,1,False
number_substitution,74,1,1,1,False
number_substitution,756,0,0,0,False
number_substitution,190,0,0,0,False
number_substitution,145,0,0,0,False
number_substitution,137,0,0,0,False
number_substitution,118,0,0,0,False
number_substitution,125,1,1,1,False
number_substitution,22,1,1,1,False
number_substitution,27,1,1,1,False
number_substitution,138,1,1,1,False
number_substitution,67,0,0,0,False
number_substitution,24,0,0,0,False
number_substitution,39,1,1,0,True
number_substitution,69,1,1,1,False
number_substitution,48,1,1,1,False
number_substitution,17,0,0,0,False
number_substitution,257,0,0,0,False
number_substitution,16,1,1,1,False
number_substitution,105,1,1,1,False
number_substitution,38,0,0,0,False
number_substitution,143,1,1,1,False
number_substitution,26,0,0,0,False
number_substitution,232,1,1,1,False
number_substitution,43,1,0,0,False
number_substitution,16,0,0,0,False
number_substitution,56,1,0,0,False
number_substitution,208,0,0,0,False
number_substitution,34,1,1,1,False
number_substitution,58,1,0,0,False
number_substitution,15,1,1,1,False
number_substitution,130,1,1,1,False
number_substitution,17,0,0,0,False
number_substitution,48,0,0,0,False
number_substitution,63,1,0,0,False
number_substitution,74,1,1,1,False
number_substitution,31,0,0,0,False
number_substitution,31,0,0,0,False
number_substitution,42,0,0,0,False
number_substitution,133,1,1,1,False
number_substitution,62,1,0,1,True
number_substitution,75,1,0,0,False
number_substitution,154,1,1,1,False
number_substitution,15,1,1,1,False
number_substitution,26,0,0,0,False
number_substitution,233,1,1,1,False
number_substitution,24,0,0,0,False
number_substitution,44,1,1,1,False
number_substitution,153,0,0,0,False
number_substitution,84,1,1,1,False
number_substitution,54,1,1,1,False
number_substitution,203,1,1,1,False
number_substitution,15,0,0,0,False
number_substitution,21,0,0,0,False
number_substitution,12,0,0,0,False
number_substitution,41,1,1,1,False
number_substitution,128,1,1,1,False
number_substitution,65,0,0,0,False
number_substitution,69,0,0,0,False
number_substitution,94,1,0,0,False
number_substitution,21,0,0,0,False
number_substitution,37,0,0,0,False
number_substitution,124,0,0,0,False
number_substitution,23,0,0,0,False
number_substitution,104,0,0,0,False
number_substitution,32,0,0,0,False
number_substitution,239,1,1,1,False
number_substitution,28,0,1,1,False
number_substitution,32,1,0,0,False
number_substitution,103,0,0,0,False
number_substitution,453,1,0,0,False
number_substitution,376,0,0,0,False
number_substitution,106,1,1,1,False
number_substitution,27,0,0,0,False
number_substitution,34,0,0,0,False
number_substitution,61,0,0,0,False
number_substitution,73,1,1,1,False
number_substitution,77,1,0,1,True
number_substitution,32,1,1,1,False
number_substitution,141,1,1,1,False
number_substitution,151,1,1,1,False
number_substitution,22,1,1,1,False
number_substitution,87,1,1,1,False
number_substitution,53,1,1,1,False
number_substitution,15,0,0,0,False
number_substitution,128,1,1,1,False
number_substitution,324,0,0,0,False
number_substitution,17,1,1,1,False
number_substitution,43,1,1,1,False
number_substitution,131,1,1,1,False
number_substitution,57,1,1,1,False
number_substitution,57,0,0,0,False
number_substitution,22,1,1,1,False
number_substitution,39,0,0,0,False
number_substitution,25,0,1,1,False
number_substitution,235,1,1,1,False
number_substitution,36,0,0,0,False
number_substitution,55,0,0,0,False
number_substitution,24,0,0,0,False
random_case,35,1,1,1,False
random_case,129,1,1,1,False
random_case,30,1,1,1,False
random_case,232,1,1,1,False
random_case,65,0,0,0,False
random_case,232,1,1,1,False
random_case,21,0,0,0,False
random_case,180,1,1,1,False
random_case,98,1,1,1,False
random_case,33,0,1,1,False
random_case,997,0,0,0,False
random_case,28,0,0,0,False
random_case,36,1,1,1,False
random_case,233,1,1,1,False
random_case,171,1,1,1,False
random_case,14,1,0,0,False
random_case,36,1,1,1,False
random_case,131,0,0,0,False
random_case,159,1,1,1,False
random_case,246,0,0,0,False
random_case,73,1,0,0,False
random_case,37,1,1,1,False
random_case,34,0,0,0,False
random_case,104,1,1,1,False
random_case,28,1,1,1,False
random_case,47,0,0,0,False
random_case,52,0,0,0,False
random_case,35,0,0,0,False
random_case,104,0,0,0,False
random_case,32,1,1,1,False
random_case,43,0,0,0,False
random_case,30,0,0,0,False
random_case,100,1,1,1,False
random_case,50,1,1,1,False
random_case,86,0,0,0,False
random_case,33,1,0,0,False
random_case,31,1,1,1,False
random_case,29,0,0,0,False
random_case,21,1,1,1,False
random_case,234,1,1,1,False
random_case,58,1,1,1,False
random_case,28,0,0,0,False
random_case,20,0,0,0,False
random_case,46,0,0,0,False
random_case,74,0,0,0,False
random_case,26,0,0,0,False
random_case,21,1,1,1,False
random_case,34,0,0,0,False
random_case,23,0,0,0,False
random_case,63,0,0,0,False
random_case,139,1,1,1,False
random_case,31,0,0,0,False
random_case,110,1,1,1,False
random_case,38,0,1,1,False
random_case,24,0,1,1,False
random_case,122,0,0,0,False
random_case,52,0,0,0,False
random_case,78,1,1,1,False
random_case,232,1,1,1,False
random_case,40,1,0,0,False
random_case,36,0,0,0,False
random_case,18,0,0,0,False
random_case,91,1,1,1,False
random_case,58,1,1,1,False
random_case,232,1,1,1,False
random_case,26,1,1,1,False
random_case,41,0,0,0,False
random_case,157,1,1,1,False
random_case,118,0,0,0,False
random_case,42,1,1,1,False
random_case,57,1,0,0,False
random_case,40,0,0,0,False
random_case,34,0,0,0,False
random_case,26,1,1,1,False
random_case,66,0,0,0,False
random_case,116,0,0,0,False
random_case,23,0,0,0,False
random_case,157,1,1,1,False
random_case,53,1,1,1,False
random_case,31,1,1,1,False
random_case,22,0,0,0,False
random_case,34,0,0,0,False
random_case,77,0,0,0,False
random_case,42,0,0,0,False
random_case,24,0,0,0,False
random_case,41,1,1,0,True
random_case,23,0,0,0,False
random_case,743,1,1,1,False
random_case,150,1,1,1,False
random_case,119,1,1,1,False
random_case,32,1,1,1,False
random_case,54,1,1,1,False
random_case,20,1,0,0,False
random_case,14,1,1,1,False
random_case,22,1,1,1,False
random_case,18,1,1,1,False
random_case,187,1,1,1,False
random_case,94,1,1,1,False
random_case,419,0,0,0,False
random_case,99,0,0,0,False
random_case,383,0,1,1,False
random_case,97,1,1,1,False
random_case,74,1,1,1,False
random_case,756,0,0,0,False
random_case,190,0,0,0,False
random_case,145,0,0,0,False
random_case,137,0,0,0,False
random_case,118,0,0,0,False
random_case,125,1,1,1,False
random_case,22,1,1,1,False
random_case,27,1,1,1,False
random_case,138,1,1,1,False
random_case,67,0,0,0,False
random_case,24,0,0,0,False
random_case,39,1,1,0,True
random_case,69,1,1,1,False
random_case,48,1,1,1,False
random_case,17,0,0,0,False
random_case,257,0,0,0,False
random_case,16,1,1,1,False
random_case,105,1,1,1,False
random_case,38,0,0,0,False
random_case,143,1,1,1,False
random_case,26,0,0,0,False
random_case,232,1,1,1,False
random_case,43,1,0,0,False
random_case,16,0,0,0,False
random_case,56,1,0,0,False
random_case,208,0,0,0,False
random_case,34,1,1,1,False
random_case,58,1,0,0,False
random_case,15,1,1,1,False
random_case,130,1,1,1,False
random_case,17,0,0,0,False
random_case,48,0,0,0,False
random_case,63,1,0,0,False
random_case,74,1,1,1,False
random_case,31,0,0,0,False
random_case,31,0,0,0,False
random_case,42,0,0,0,False
random_case,133,1,1,1,False
random_case,62,1,0,0,False
random_case,75,1,0,0,False
random_case,154,1,1,1,False
random_case,15,1,1,1,False
random_case,26,0,0,0,False
random_case,233,1,1,1,False
random_case,24,0,0,0,False
random_case,44,1,1,1,False
random_case,153,0,0,0,False
random_case,84,1,1,1,False
random_case,54,1,1,1,False
random_case,203,1,1,1,False
random_case,15,0,0,0,False
random_case,21,0,0,0,False
random_case,12,0,0,0,False
random_case,41,1,1,1,False
random_case,128,1,1,1,False
random_case,65,0,0,0,False
random_case,69,0,0,0,False
random_case,94,1,0,0,False
random_case,21,0,0,0,False
random_case,37,0,0,0,False
random_case,124,0,0,0,False
random_case,23,0,0,0,False
random_case,104,0,0,0,False
random_case,32,0,0,0,False
random_case,239,1,1,1,False
random_case,28,0,1,1,False
random_case,32,1,0,0,False
random_case,103,0,0,0,False
random_case,453,1,0,0,False
random_case,376,0,0,0,False
random_case,106,1,1,1,False
random_case,27,0,0,0,False
random_case,34,0,0,0,False
random_case,61,0,0,0,False
random_case,73,1,1,1,False
random_case,77,1,0,0,False
random_case,32,1,1,1,False
random_case,141,1,1,1,False
random_case,151,1,1,1,False
random_case,22,1,1,1,False
random_case,87,1,1,1,False
random_case,53,1,1,1,False
random_case,15,0,0,0,False
random_case,128,1,1,1,False
random_case,324,0,0,0,False
random_case,17,1,1,1,False
random_case,43,1,1,1,False
random_case,131,1,1,1,False
random_case,57,1,1,1,False
random_case,57,0,0,0,False
random_case,22,1,1,1,False
random_case,39,0,0,0,False
random_case,25,0,1,1,False
random_case,235,1,1,1,False
random_case,36,0,0,0,False
random_case,55,0,0,0,False
random_case,24,0,0,0,False
